-- AssetHub 核心初始数据
-- 自动生成，用于 Docker 初始化

USE zcgl;

-- Data for tenants (20 rows)
INSERT IGNORE INTO `tenants` (`id`, `tenant_code`, `tenant_name`, `contact_person`, `contact_phone`, `contact_email`, `address`, `license_no`, `status`, `max_users`, `max_assets`, `subscription_type`, `subscription_start_date`, `subscription_end_date`, `remark`, `created_at`, `updated_at`, `invitation_code`) VALUES ('1','default','第四医院2',NULL,NULL,NULL,NULL,NULL,'active','100','10000','enterprise',NULL,NULL,NULL,'2026-01-15 16:57:51','2026-01-20 16:52:36',NULL);
INSERT IGNORE INTO `tenants` (`id`, `tenant_code`, `tenant_name`, `contact_person`, `contact_phone`, `contact_email`, `address`, `license_no`, `status`, `max_users`, `max_assets`, `subscription_type`, `subscription_start_date`, `subscription_end_date`, `remark`, `created_at`, `updated_at`, `invitation_code`) VALUES ('2','001','中国医科大学附属第四医院',NULL,NULL,NULL,NULL,NULL,'active','1000','100000','enterprise',NULL,NULL,NULL,'2026-01-15 17:18:51','2026-02-13 12:12:45',NULL);
INSERT IGNORE INTO `tenants` (`id`, `tenant_code`, `tenant_name`, `contact_person`, `contact_phone`, `contact_email`, `address`, `license_no`, `status`, `max_users`, `max_assets`, `subscription_type`, `subscription_start_date`, `subscription_end_date`, `remark`, `created_at`, `updated_at`, `invitation_code`) VALUES ('3','4011','某某医院','张三',NULL,NULL,NULL,NULL,'active','100','10000','free',NULL,NULL,NULL,'2026-03-28 17:21:53',NULL,NULL);
INSERT IGNORE INTO `tenants` (`id`, `tenant_code`, `tenant_name`, `contact_person`, `contact_phone`, `contact_email`, `address`, `license_no`, `status`, `max_users`, `max_assets`, `subscription_type`, `subscription_start_date`, `subscription_end_date`, `remark`, `created_at`, `updated_at`, `invitation_code`) VALUES ('4','4104','西门子公司','李佳',NULL,NULL,NULL,NULL,'active','100','10000','free',NULL,NULL,NULL,'2026-04-02 20:59:21',NULL,NULL);
INSERT IGNORE INTO `tenants` (`id`, `tenant_code`, `tenant_name`, `contact_person`, `contact_phone`, `contact_email`, `address`, `license_no`, `status`, `max_users`, `max_assets`, `subscription_type`, `subscription_start_date`, `subscription_end_date`, `remark`, `created_at`, `updated_at`, `invitation_code`) VALUES ('5','4542','测试企业','测试用户',NULL,NULL,NULL,NULL,'active','100','10000','free',NULL,NULL,NULL,'2026-04-03 14:06:33',NULL,NULL);
INSERT IGNORE INTO `tenants` (`id`, `tenant_code`, `tenant_name`, `contact_person`, `contact_phone`, `contact_email`, `address`, `license_no`, `status`, `max_users`, `max_assets`, `subscription_type`, `subscription_start_date`, `subscription_end_date`, `remark`, `created_at`, `updated_at`, `invitation_code`) VALUES ('6','3799','新测试企业','新测试用户',NULL,NULL,NULL,NULL,'active','100','10000','free',NULL,NULL,NULL,'2026-04-03 14:21:17',NULL,NULL);
INSERT IGNORE INTO `tenants` (`id`, `tenant_code`, `tenant_name`, `contact_person`, `contact_phone`, `contact_email`, `address`, `license_no`, `status`, `max_users`, `max_assets`, `subscription_type`, `subscription_start_date`, `subscription_end_date`, `remark`, `created_at`, `updated_at`, `invitation_code`) VALUES ('7','7595','asdfadsf a','sadf ',NULL,NULL,NULL,NULL,'active','100','10000','free',NULL,NULL,NULL,'2026-04-03 14:22:41',NULL,NULL);
INSERT IGNORE INTO `tenants` (`id`, `tenant_code`, `tenant_name`, `contact_person`, `contact_phone`, `contact_email`, `address`, `license_no`, `status`, `max_users`, `max_assets`, `subscription_type`, `subscription_start_date`, `subscription_end_date`, `remark`, `created_at`, `updated_at`, `invitation_code`) VALUES ('8','7359','测试企业002','测试用户002',NULL,NULL,NULL,NULL,'active','100','10000','free',NULL,NULL,NULL,'2026-04-03 14:25:39',NULL,NULL);
INSERT IGNORE INTO `tenants` (`id`, `tenant_code`, `tenant_name`, `contact_person`, `contact_phone`, `contact_email`, `address`, `license_no`, `status`, `max_users`, `max_assets`, `subscription_type`, `subscription_start_date`, `subscription_end_date`, `remark`, `created_at`, `updated_at`, `invitation_code`) VALUES ('9','4207','测试企业003','测试用户003',NULL,NULL,NULL,NULL,'active','100','10000','free',NULL,NULL,NULL,'2026-04-03 14:36:50',NULL,NULL);
INSERT IGNORE INTO `tenants` (`id`, `tenant_code`, `tenant_name`, `contact_person`, `contact_phone`, `contact_email`, `address`, `license_no`, `status`, `max_users`, `max_assets`, `subscription_type`, `subscription_start_date`, `subscription_end_date`, `remark`, `created_at`, `updated_at`, `invitation_code`) VALUES ('10','5941','中测（校准）测试技术有限公司','张雷',NULL,NULL,NULL,NULL,'active','100','10000','free',NULL,NULL,NULL,'2026-04-09 14:13:21',NULL,NULL);
INSERT IGNORE INTO `tenants` (`id`, `tenant_code`, `tenant_name`, `contact_person`, `contact_phone`, `contact_email`, `address`, `license_no`, `status`, `max_users`, `max_assets`, `subscription_type`, `subscription_start_date`, `subscription_end_date`, `remark`, `created_at`, `updated_at`, `invitation_code`) VALUES ('11','1453','test','test',NULL,NULL,NULL,NULL,'active','100','10000','free',NULL,NULL,NULL,'2026-04-15 10:40:52',NULL,NULL);
INSERT IGNORE INTO `tenants` (`id`, `tenant_code`, `tenant_name`, `contact_person`, `contact_phone`, `contact_email`, `address`, `license_no`, `status`, `max_users`, `max_assets`, `subscription_type`, `subscription_start_date`, `subscription_end_date`, `remark`, `created_at`, `updated_at`, `invitation_code`) VALUES ('12','6065','test','test1',NULL,NULL,NULL,NULL,'active','100','10000','free',NULL,NULL,NULL,'2026-04-15 10:42:03',NULL,NULL);
INSERT IGNORE INTO `tenants` (`id`, `tenant_code`, `tenant_name`, `contact_person`, `contact_phone`, `contact_email`, `address`, `license_no`, `status`, `max_users`, `max_assets`, `subscription_type`, `subscription_start_date`, `subscription_end_date`, `remark`, `created_at`, `updated_at`, `invitation_code`) VALUES ('14','3866','测试企业88','lee','',NULL,NULL,NULL,'active','100','10000','free',NULL,NULL,'','2026-05-06 14:49:05',NULL,NULL);
INSERT IGNORE INTO `tenants` (`id`, `tenant_code`, `tenant_name`, `contact_person`, `contact_phone`, `contact_email`, `address`, `license_no`, `status`, `max_users`, `max_assets`, `subscription_type`, `subscription_start_date`, `subscription_end_date`, `remark`, `created_at`, `updated_at`, `invitation_code`) VALUES ('15','1927','测试企业88','lee','',NULL,NULL,NULL,'active','100','10000','free',NULL,NULL,'','2026-05-06 14:49:07',NULL,NULL);
INSERT IGNORE INTO `tenants` (`id`, `tenant_code`, `tenant_name`, `contact_person`, `contact_phone`, `contact_email`, `address`, `license_no`, `status`, `max_users`, `max_assets`, `subscription_type`, `subscription_start_date`, `subscription_end_date`, `remark`, `created_at`, `updated_at`, `invitation_code`) VALUES ('16','7224','测试企业88','lee','',NULL,NULL,NULL,'active','100','10000','free',NULL,NULL,'','2026-05-06 14:52:27',NULL,NULL);
INSERT IGNORE INTO `tenants` (`id`, `tenant_code`, `tenant_name`, `contact_person`, `contact_phone`, `contact_email`, `address`, `license_no`, `status`, `max_users`, `max_assets`, `subscription_type`, `subscription_start_date`, `subscription_end_date`, `remark`, `created_at`, `updated_at`, `invitation_code`) VALUES ('17','9904','测试企业88','lee','',NULL,NULL,NULL,'active','100','10000','free',NULL,NULL,'','2026-05-06 14:52:29',NULL,NULL);
INSERT IGNORE INTO `tenants` (`id`, `tenant_code`, `tenant_name`, `contact_person`, `contact_phone`, `contact_email`, `address`, `license_no`, `status`, `max_users`, `max_assets`, `subscription_type`, `subscription_start_date`, `subscription_end_date`, `remark`, `created_at`, `updated_at`, `invitation_code`) VALUES ('18','1020','335543','','',NULL,NULL,NULL,'active','100','10000','free',NULL,NULL,'','2026-05-06 14:52:42',NULL,NULL);
INSERT IGNORE INTO `tenants` (`id`, `tenant_code`, `tenant_name`, `contact_person`, `contact_phone`, `contact_email`, `address`, `license_no`, `status`, `max_users`, `max_assets`, `subscription_type`, `subscription_start_date`, `subscription_end_date`, `remark`, `created_at`, `updated_at`, `invitation_code`) VALUES ('19','1577','335543','','',NULL,NULL,NULL,'active','100','10000','free',NULL,NULL,'','2026-05-06 14:54:53',NULL,NULL);
INSERT IGNORE INTO `tenants` (`id`, `tenant_code`, `tenant_name`, `contact_person`, `contact_phone`, `contact_email`, `address`, `license_no`, `status`, `max_users`, `max_assets`, `subscription_type`, `subscription_start_date`, `subscription_end_date`, `remark`, `created_at`, `updated_at`, `invitation_code`) VALUES ('20','4536','5675675677','','',NULL,NULL,NULL,'active','100','10000','free',NULL,NULL,'','2026-05-06 14:55:01',NULL,NULL);
INSERT IGNORE INTO `tenants` (`id`, `tenant_code`, `tenant_name`, `contact_person`, `contact_phone`, `contact_email`, `address`, `license_no`, `status`, `max_users`, `max_assets`, `subscription_type`, `subscription_start_date`, `subscription_end_date`, `remark`, `created_at`, `updated_at`, `invitation_code`) VALUES ('21','1039','5675675677','','',NULL,NULL,NULL,'active','100','10000','free',NULL,NULL,'','2026-05-06 14:57:44',NULL,'213SMVSY');

-- Data for super_users (1 rows)
INSERT IGNORE INTO `super_users` (`id`, `username`, `password`, `real_name`, `email`, `phone`, `status`, `created_at`, `updated_at`, `last_login_at`, `login_count`) VALUES ('1','su','$2b$10$XZpp9NErU6atz68ccPf8b.0A2E6LWZWshPNkAaBLNz/YZ.y2Ak/Xe','超级管理员',NULL,NULL,'active','2026-01-18 14:30:53','2026-03-03 10:09:00','2026-06-19 09:47:07','2062');

-- Data for departments (115 rows)
INSERT IGNORE INTO `departments` (`id`, `tenant_id`, `department_code`, `department_name`, `parent_code`, `level`, `status`, `created_at`, `updated_at`) VALUES ('1','2','DEP1','第一呼吸与危重症病房',NULL,'1','active','2026-01-07 09:30:50',NULL);
INSERT IGNORE INTO `departments` (`id`, `tenant_id`, `department_code`, `department_name`, `parent_code`, `level`, `status`, `created_at`, `updated_at`) VALUES ('2','2','DEP2','呼吸重症监护病房/内科重症监护室（RICU/MICU）',NULL,'1','active','2026-01-07 09:30:50',NULL);
INSERT IGNORE INTO `departments` (`id`, `tenant_id`, `department_code`, `department_name`, `parent_code`, `level`, `status`, `created_at`, `updated_at`) VALUES ('3','2','DEP3','第二呼吸内科病房',NULL,'1','active','2026-01-07 09:30:50',NULL);
INSERT IGNORE INTO `departments` (`id`, `tenant_id`, `department_code`, `department_name`, `parent_code`, `level`, `status`, `created_at`, `updated_at`) VALUES ('4','2','DEP4','肺功能室',NULL,'1','active','2026-01-07 09:30:50',NULL);
INSERT IGNORE INTO `departments` (`id`, `tenant_id`, `department_code`, `department_name`, `parent_code`, `level`, `status`, `created_at`, `updated_at`) VALUES ('5','2','DEP5','第一心血管内科病房',NULL,'1','active','2026-01-07 09:30:50',NULL);
INSERT IGNORE INTO `departments` (`id`, `tenant_id`, `department_code`, `department_name`, `parent_code`, `level`, `status`, `created_at`, `updated_at`) VALUES ('6','2','DEP6','第二心血管内科病房',NULL,'1','active','2026-01-07 09:30:50',NULL);
INSERT IGNORE INTO `departments` (`id`, `tenant_id`, `department_code`, `department_name`, `parent_code`, `level`, `status`, `created_at`, `updated_at`) VALUES ('7','2','DEP7','第三心血管内科病房',NULL,'1','active','2026-01-07 09:30:50',NULL);
INSERT IGNORE INTO `departments` (`id`, `tenant_id`, `department_code`, `department_name`, `parent_code`, `level`, `status`, `created_at`, `updated_at`) VALUES ('8','2','DEP8','心脏重症监护病房（CCU）',NULL,'1','active','2026-01-07 09:30:50',NULL);
INSERT IGNORE INTO `departments` (`id`, `tenant_id`, `department_code`, `department_name`, `parent_code`, `level`, `status`, `created_at`, `updated_at`) VALUES ('9','2','DEP9','心功能诊断中心',NULL,'1','active','2026-01-07 09:30:51',NULL);
INSERT IGNORE INTO `departments` (`id`, `tenant_id`, `department_code`, `department_name`, `parent_code`, `level`, `status`, `created_at`, `updated_at`) VALUES ('10','2','DEP10','第一消化内镜内科病房',NULL,'1','active','2026-01-07 09:30:51',NULL);
INSERT IGNORE INTO `departments` (`id`, `tenant_id`, `department_code`, `department_name`, `parent_code`, `level`, `status`, `created_at`, `updated_at`) VALUES ('11','2','DEP11','第二消化内镜内科病房',NULL,'1','active','2026-01-07 09:30:51',NULL);
INSERT IGNORE INTO `departments` (`id`, `tenant_id`, `department_code`, `department_name`, `parent_code`, `level`, `status`, `created_at`, `updated_at`) VALUES ('12','2','DEP12','第三消化内镜内科病房（内镜微创综合治疗病房）',NULL,'1','active','2026-01-07 09:30:51',NULL);
INSERT IGNORE INTO `departments` (`id`, `tenant_id`, `department_code`, `department_name`, `parent_code`, `level`, `status`, `created_at`, `updated_at`) VALUES ('13','2','DEP13','发热肠道门诊',NULL,'1','active','2026-01-07 09:30:51',NULL);
INSERT IGNORE INTO `departments` (`id`, `tenant_id`, `department_code`, `department_name`, `parent_code`, `level`, `status`, `created_at`, `updated_at`) VALUES ('14','2','DEP14','内镜中心',NULL,'1','active','2026-01-07 09:30:51',NULL);
INSERT IGNORE INTO `departments` (`id`, `tenant_id`, `department_code`, `department_name`, `parent_code`, `level`, `status`, `created_at`, `updated_at`) VALUES ('15','2','DEP15','内镜微创诊疗中心',NULL,'1','active','2026-01-07 09:30:51',NULL);
INSERT IGNORE INTO `departments` (`id`, `tenant_id`, `department_code`, `department_name`, `parent_code`, `level`, `status`, `created_at`, `updated_at`) VALUES ('16','2','DEP16','肾内科病房',NULL,'1','active','2026-01-07 09:30:51',NULL);
INSERT IGNORE INTO `departments` (`id`, `tenant_id`, `department_code`, `department_name`, `parent_code`, `level`, `status`, `created_at`, `updated_at`) VALUES ('17','2','DEP17','血液净化中心',NULL,'1','active','2026-01-07 09:30:51',NULL);
INSERT IGNORE INTO `departments` (`id`, `tenant_id`, `department_code`, `department_name`, `parent_code`, `level`, `status`, `created_at`, `updated_at`) VALUES ('18','2','DEP18','血液内科病房',NULL,'1','active','2026-01-07 09:30:51',NULL);
INSERT IGNORE INTO `departments` (`id`, `tenant_id`, `department_code`, `department_name`, `parent_code`, `level`, `status`, `created_at`, `updated_at`) VALUES ('19','2','DEP19','第一内分泌代谢内科病房',NULL,'1','active','2026-01-07 09:30:51',NULL);
INSERT IGNORE INTO `departments` (`id`, `tenant_id`, `department_code`, `department_name`, `parent_code`, `level`, `status`, `created_at`, `updated_at`) VALUES ('20','2','DEP20','第二内分泌代谢内科病房',NULL,'1','active','2026-01-07 09:30:51',NULL);
INSERT IGNORE INTO `departments` (`id`, `tenant_id`, `department_code`, `department_name`, `parent_code`, `level`, `status`, `created_at`, `updated_at`) VALUES ('21','2','DEP21','风湿免疫科病房',NULL,'1','active','2026-01-07 09:30:51',NULL);
INSERT IGNORE INTO `departments` (`id`, `tenant_id`, `department_code`, `department_name`, `parent_code`, `level`, `status`, `created_at`, `updated_at`) VALUES ('22','2','DEP22','感染科病房',NULL,'1','active','2026-01-07 09:30:51',NULL);
INSERT IGNORE INTO `departments` (`id`, `tenant_id`, `department_code`, `department_name`, `parent_code`, `level`, `status`, `created_at`, `updated_at`) VALUES ('23','2','DEP23','第一普通外科(肝胆脾外科、血管外科)病房',NULL,'1','active','2026-01-07 09:30:51',NULL);
INSERT IGNORE INTO `departments` (`id`, `tenant_id`, `department_code`, `department_name`, `parent_code`, `level`, `status`, `created_at`, `updated_at`) VALUES ('24','2','DEP24','第二普通外科(胃肠外科、微创外科)病房',NULL,'1','active','2026-01-07 09:30:51',NULL);
INSERT IGNORE INTO `departments` (`id`, `tenant_id`, `department_code`, `department_name`, `parent_code`, `level`, `status`, `created_at`, `updated_at`) VALUES ('25','2','DEP25','第三普通外科(结直肠外科、疝及腹壁外科)病房',NULL,'1','active','2026-01-07 09:30:51',NULL);
INSERT IGNORE INTO `departments` (`id`, `tenant_id`, `department_code`, `department_name`, `parent_code`, `level`, `status`, `created_at`, `updated_at`) VALUES ('26','2','DEP26','第四普通外科(甲状腺外科、胆道外科、减重代谢外科)病房',NULL,'1','active','2026-01-07 09:30:51',NULL);
INSERT IGNORE INTO `departments` (`id`, `tenant_id`, `department_code`, `department_name`, `parent_code`, `level`, `status`, `created_at`, `updated_at`) VALUES ('27','2','DEP27','第五普通外科(乳腺外科、肝胰外科)病房',NULL,'1','active','2026-01-07 09:30:51',NULL);
INSERT IGNORE INTO `departments` (`id`, `tenant_id`, `department_code`, `department_name`, `parent_code`, `level`, `status`, `created_at`, `updated_at`) VALUES ('28','2','DEP28','第六普通外科(肛肠外科)病房',NULL,'1','active','2026-01-07 09:30:51',NULL);
INSERT IGNORE INTO `departments` (`id`, `tenant_id`, `department_code`, `department_name`, `parent_code`, `level`, `status`, `created_at`, `updated_at`) VALUES ('29','2','DEP29','第七普通外科（日间外科、甲状腺外科、减重代谢外科）病房',NULL,'1','active','2026-01-07 09:30:51',NULL);
INSERT IGNORE INTO `departments` (`id`, `tenant_id`, `department_code`, `department_name`, `parent_code`, `level`, `status`, `created_at`, `updated_at`) VALUES ('30','2','DEP30','第九普通外科（乳腺外科）病房',NULL,'1','active','2026-01-07 09:30:51',NULL);
INSERT IGNORE INTO `departments` (`id`, `tenant_id`, `department_code`, `department_name`, `parent_code`, `level`, `status`, `created_at`, `updated_at`) VALUES ('31','2','DEP31','第一骨外科病房',NULL,'1','active','2026-01-07 09:30:51',NULL);
INSERT IGNORE INTO `departments` (`id`, `tenant_id`, `department_code`, `department_name`, `parent_code`, `level`, `status`, `created_at`, `updated_at`) VALUES ('32','2','DEP32','第二骨外科病房',NULL,'1','active','2026-01-07 09:30:51',NULL);
INSERT IGNORE INTO `departments` (`id`, `tenant_id`, `department_code`, `department_name`, `parent_code`, `level`, `status`, `created_at`, `updated_at`) VALUES ('33','2','DEP33','第一泌尿外科病房',NULL,'1','active','2026-01-07 09:30:52',NULL);
INSERT IGNORE INTO `departments` (`id`, `tenant_id`, `department_code`, `department_name`, `parent_code`, `level`, `status`, `created_at`, `updated_at`) VALUES ('34','2','DEP34','第二泌尿外科病房',NULL,'1','active','2026-01-07 09:30:52',NULL);
INSERT IGNORE INTO `departments` (`id`, `tenant_id`, `department_code`, `department_name`, `parent_code`, `level`, `status`, `created_at`, `updated_at`) VALUES ('35','2','DEP35','第三泌尿外科病房',NULL,'1','active','2026-01-07 09:30:52',NULL);
INSERT IGNORE INTO `departments` (`id`, `tenant_id`, `department_code`, `department_name`, `parent_code`, `level`, `status`, `created_at`, `updated_at`) VALUES ('36','2','DEP36','男科中心',NULL,'1','active','2026-01-07 09:30:52',NULL);
INSERT IGNORE INTO `departments` (`id`, `tenant_id`, `department_code`, `department_name`, `parent_code`, `level`, `status`, `created_at`, `updated_at`) VALUES ('37','2','DEP37','第一胸外科、心脏外科病房',NULL,'1','active','2026-01-07 09:30:52',NULL);
INSERT IGNORE INTO `departments` (`id`, `tenant_id`, `department_code`, `department_name`, `parent_code`, `level`, `status`, `created_at`, `updated_at`) VALUES ('38','2','DEP38','第二胸外科病房',NULL,'1','active','2026-01-07 09:30:52',NULL);
INSERT IGNORE INTO `departments` (`id`, `tenant_id`, `department_code`, `department_name`, `parent_code`, `level`, `status`, `created_at`, `updated_at`) VALUES ('39','2','DEP39','神经外科病房',NULL,'1','active','2026-01-07 09:30:52',NULL);
INSERT IGNORE INTO `departments` (`id`, `tenant_id`, `department_code`, `department_name`, `parent_code`, `level`, `status`, `created_at`, `updated_at`) VALUES ('40','2','DEP40','局部解剖教研室',NULL,'1','active','2026-01-07 09:30:52',NULL);
INSERT IGNORE INTO `departments` (`id`, `tenant_id`, `department_code`, `department_name`, `parent_code`, `level`, `status`, `created_at`, `updated_at`) VALUES ('41','2','DEP41','烧伤整形显微外科',NULL,'1','active','2026-01-07 09:30:52',NULL);
INSERT IGNORE INTO `departments` (`id`, `tenant_id`, `department_code`, `department_name`, `parent_code`, `level`, `status`, `created_at`, `updated_at`) VALUES ('42','2','DEP42','妇科病房',NULL,'1','active','2026-01-07 09:30:52',NULL);
INSERT IGNORE INTO `departments` (`id`, `tenant_id`, `department_code`, `department_name`, `parent_code`, `level`, `status`, `created_at`, `updated_at`) VALUES ('43','2','DEP43','产科病房',NULL,'1','active','2026-01-07 09:30:52',NULL);
INSERT IGNORE INTO `departments` (`id`, `tenant_id`, `department_code`, `department_name`, `parent_code`, `level`, `status`, `created_at`, `updated_at`) VALUES ('44','2','DEP44','儿科门诊',NULL,'1','active','2026-01-07 09:30:52',NULL);
INSERT IGNORE INTO `departments` (`id`, `tenant_id`, `department_code`, `department_name`, `parent_code`, `level`, `status`, `created_at`, `updated_at`) VALUES ('45','2','DEP45','儿科（新生儿科）病房',NULL,'1','active','2026-01-07 09:30:52',NULL);
INSERT IGNORE INTO `departments` (`id`, `tenant_id`, `department_code`, `department_name`, `parent_code`, `level`, `status`, `created_at`, `updated_at`) VALUES ('46','2','DEP46','第一神经内科病房',NULL,'1','active','2026-01-07 09:30:52',NULL);
INSERT IGNORE INTO `departments` (`id`, `tenant_id`, `department_code`, `department_name`, `parent_code`, `level`, `status`, `created_at`, `updated_at`) VALUES ('47','2','DEP47','第二神经内科病房',NULL,'1','active','2026-01-07 09:30:52',NULL);
INSERT IGNORE INTO `departments` (`id`, `tenant_id`, `department_code`, `department_name`, `parent_code`, `level`, `status`, `created_at`, `updated_at`) VALUES ('48','2','DEP48','第三神经内科病房',NULL,'1','active','2026-01-07 09:30:52',NULL);
INSERT IGNORE INTO `departments` (`id`, `tenant_id`, `department_code`, `department_name`, `parent_code`, `level`, `status`, `created_at`, `updated_at`) VALUES ('49','2','DEP49','神经重症监护病房（NICU）',NULL,'1','active','2026-01-07 09:30:52',NULL);
INSERT IGNORE INTO `departments` (`id`, `tenant_id`, `department_code`, `department_name`, `parent_code`, `level`, `status`, `created_at`, `updated_at`) VALUES ('50','2','DEP50','第一肿瘤内科病房',NULL,'1','active','2026-01-07 09:30:52',NULL);
INSERT IGNORE INTO `departments` (`id`, `tenant_id`, `department_code`, `department_name`, `parent_code`, `level`, `status`, `created_at`, `updated_at`) VALUES ('51','2','DEP51','第二肿瘤内科病房',NULL,'1','active','2026-01-07 09:30:52',NULL);
INSERT IGNORE INTO `departments` (`id`, `tenant_id`, `department_code`, `department_name`, `parent_code`, `level`, `status`, `created_at`, `updated_at`) VALUES ('52','2','DEP52','胃肠肿瘤外科病房、第八普通外科病房',NULL,'1','active','2026-01-07 09:30:52',NULL);
INSERT IGNORE INTO `departments` (`id`, `tenant_id`, `department_code`, `department_name`, `parent_code`, `level`, `status`, `created_at`, `updated_at`) VALUES ('53','2','DEP53','放射治疗科病房',NULL,'1','active','2026-01-07 09:30:52',NULL);
INSERT IGNORE INTO `departments` (`id`, `tenant_id`, `department_code`, `department_name`, `parent_code`, `level`, `status`, `created_at`, `updated_at`) VALUES ('54','2','DEP54','放射治疗室',NULL,'1','active','2026-01-07 09:30:52',NULL);
INSERT IGNORE INTO `departments` (`id`, `tenant_id`, `department_code`, `department_name`, `parent_code`, `level`, `status`, `created_at`, `updated_at`) VALUES ('55','2','DEP55','中医科',NULL,'1','active','2026-01-07 09:30:52',NULL);
INSERT IGNORE INTO `departments` (`id`, `tenant_id`, `department_code`, `department_name`, `parent_code`, `level`, `status`, `created_at`, `updated_at`) VALUES ('56','2','DEP56','眼一病房',NULL,'1','active','2026-01-07 09:30:52',NULL);
INSERT IGNORE INTO `departments` (`id`, `tenant_id`, `department_code`, `department_name`, `parent_code`, `level`, `status`, `created_at`, `updated_at`) VALUES ('57','2','DEP57','眼二病房',NULL,'1','active','2026-01-07 09:30:52',NULL);
INSERT IGNORE INTO `departments` (`id`, `tenant_id`, `department_code`, `department_name`, `parent_code`, `level`, `status`, `created_at`, `updated_at`) VALUES ('58','2','DEP58','眼三病房',NULL,'1','active','2026-01-07 09:30:53',NULL);
INSERT IGNORE INTO `departments` (`id`, `tenant_id`, `department_code`, `department_name`, `parent_code`, `level`, `status`, `created_at`, `updated_at`) VALUES ('59','2','DEP59','眼四病房',NULL,'1','active','2026-01-07 09:30:53',NULL);
INSERT IGNORE INTO `departments` (`id`, `tenant_id`, `department_code`, `department_name`, `parent_code`, `level`, `status`, `created_at`, `updated_at`) VALUES ('60','2','DEP60','眼科特检科',NULL,'1','active','2026-01-07 09:30:53',NULL);
INSERT IGNORE INTO `departments` (`id`, `tenant_id`, `department_code`, `department_name`, `parent_code`, `level`, `status`, `created_at`, `updated_at`) VALUES ('61','2','DEP61','眼科门诊',NULL,'1','active','2026-01-07 09:30:53',NULL);
INSERT IGNORE INTO `departments` (`id`, `tenant_id`, `department_code`, `department_name`, `parent_code`, `level`, `status`, `created_at`, `updated_at`) VALUES ('62','2','DEP62','耳鼻咽喉科病房',NULL,'1','active','2026-01-07 09:30:53',NULL);
INSERT IGNORE INTO `departments` (`id`, `tenant_id`, `department_code`, `department_name`, `parent_code`, `level`, `status`, `created_at`, `updated_at`) VALUES ('63','2','DEP63','口腔科',NULL,'1','active','2026-01-07 09:30:53',NULL);
INSERT IGNORE INTO `departments` (`id`, `tenant_id`, `department_code`, `department_name`, `parent_code`, `level`, `status`, `created_at`, `updated_at`) VALUES ('64','2','DEP64','皮肤科',NULL,'1','active','2026-01-07 09:30:53',NULL);
INSERT IGNORE INTO `departments` (`id`, `tenant_id`, `department_code`, `department_name`, `parent_code`, `level`, `status`, `created_at`, `updated_at`) VALUES ('65','2','DEP65','麻醉科',NULL,'1','active','2026-01-07 09:30:53',NULL);
INSERT IGNORE INTO `departments` (`id`, `tenant_id`, `department_code`, `department_name`, `parent_code`, `level`, `status`, `created_at`, `updated_at`) VALUES ('66','2','DEP66','第一急诊科',NULL,'1','active','2026-01-07 09:30:53',NULL);
INSERT IGNORE INTO `departments` (`id`, `tenant_id`, `department_code`, `department_name`, `parent_code`, `level`, `status`, `created_at`, `updated_at`) VALUES ('67','2','DEP67','第二急诊科',NULL,'1','active','2026-01-07 09:30:53',NULL);
INSERT IGNORE INTO `departments` (`id`, `tenant_id`, `department_code`, `department_name`, `parent_code`, `level`, `status`, `created_at`, `updated_at`) VALUES ('68','2','DEP68','第一ICU',NULL,'1','active','2026-01-07 09:30:53',NULL);
INSERT IGNORE INTO `departments` (`id`, `tenant_id`, `department_code`, `department_name`, `parent_code`, `level`, `status`, `created_at`, `updated_at`) VALUES ('69','2','DEP69','心理卫生精神科',NULL,'1','active','2026-01-07 09:30:53',NULL);
INSERT IGNORE INTO `departments` (`id`, `tenant_id`, `department_code`, `department_name`, `parent_code`, `level`, `status`, `created_at`, `updated_at`) VALUES ('70','2','DEP70','康复医学科病房（北塔）',NULL,'1','active','2026-01-07 09:30:53',NULL);
INSERT IGNORE INTO `departments` (`id`, `tenant_id`, `department_code`, `department_name`, `parent_code`, `level`, `status`, `created_at`, `updated_at`) VALUES ('71','2','DEP71','和平康复综合病房（中西医结合）',NULL,'1','active','2026-01-07 09:30:53',NULL);
INSERT IGNORE INTO `departments` (`id`, `tenant_id`, `department_code`, `department_name`, `parent_code`, `level`, `status`, `created_at`, `updated_at`) VALUES ('72','2','DEP72','检验科',NULL,'1','active','2026-01-07 09:30:53',NULL);
INSERT IGNORE INTO `departments` (`id`, `tenant_id`, `department_code`, `department_name`, `parent_code`, `level`, `status`, `created_at`, `updated_at`) VALUES ('73','2','DEP73','转化医学中心',NULL,'1','active','2026-01-07 09:30:53',NULL);
INSERT IGNORE INTO `departments` (`id`, `tenant_id`, `department_code`, `department_name`, `parent_code`, `level`, `status`, `created_at`, `updated_at`) VALUES ('74','2','DEP74','中心实验室',NULL,'1','active','2026-01-07 09:30:53',NULL);
INSERT IGNORE INTO `departments` (`id`, `tenant_id`, `department_code`, `department_name`, `parent_code`, `level`, `status`, `created_at`, `updated_at`) VALUES ('75','2','DEP75','实验动物中心（由辽宁省晶状体学实验室管理）',NULL,'1','active','2026-01-07 09:30:53',NULL);
INSERT IGNORE INTO `departments` (`id`, `tenant_id`, `department_code`, `department_name`, `parent_code`, `level`, `status`, `created_at`, `updated_at`) VALUES ('76','2','DEP76','生物医学创新中心',NULL,'1','active','2026-01-07 09:30:53',NULL);
INSERT IGNORE INTO `departments` (`id`, `tenant_id`, `department_code`, `department_name`, `parent_code`, `level`, `status`, `created_at`, `updated_at`) VALUES ('77','2','DEP77','病案科',NULL,'1','active','2026-01-07 09:30:53',NULL);
INSERT IGNORE INTO `departments` (`id`, `tenant_id`, `department_code`, `department_name`, `parent_code`, `level`, `status`, `created_at`, `updated_at`) VALUES ('78','2','DEP78','输血科',NULL,'1','active','2026-01-07 09:30:53',NULL);
INSERT IGNORE INTO `departments` (`id`, `tenant_id`, `department_code`, `department_name`, `parent_code`, `level`, `status`, `created_at`, `updated_at`) VALUES ('79','2','DEP79','病理科',NULL,'1','active','2026-01-07 09:30:53',NULL);
INSERT IGNORE INTO `departments` (`id`, `tenant_id`, `department_code`, `department_name`, `parent_code`, `level`, `status`, `created_at`, `updated_at`) VALUES ('80','2','DEP80','放射诊断科',NULL,'1','active','2026-01-07 09:30:53',NULL);
INSERT IGNORE INTO `departments` (`id`, `tenant_id`, `department_code`, `department_name`, `parent_code`, `level`, `status`, `created_at`, `updated_at`) VALUES ('81','2','DEP81','介入科病房',NULL,'1','active','2026-01-07 09:30:53',NULL);
INSERT IGNORE INTO `departments` (`id`, `tenant_id`, `department_code`, `department_name`, `parent_code`, `level`, `status`, `created_at`, `updated_at`) VALUES ('82','2','DEP82','超声科',NULL,'1','active','2026-01-07 09:30:53',NULL);
INSERT IGNORE INTO `departments` (`id`, `tenant_id`, `department_code`, `department_name`, `parent_code`, `level`, `status`, `created_at`, `updated_at`) VALUES ('83','2','DEP83','核医学病房',NULL,'1','active','2026-01-07 09:30:54',NULL);
INSERT IGNORE INTO `departments` (`id`, `tenant_id`, `department_code`, `department_name`, `parent_code`, `level`, `status`, `created_at`, `updated_at`) VALUES ('84','2','DEP84','临床药学科',NULL,'1','active','2026-01-07 09:30:54',NULL);
INSERT IGNORE INTO `departments` (`id`, `tenant_id`, `department_code`, `department_name`, `parent_code`, `level`, `status`, `created_at`, `updated_at`) VALUES ('85','2','DEP85','静脉用药调制中心（简称配置中心）',NULL,'1','active','2026-01-07 09:30:54',NULL);
INSERT IGNORE INTO `departments` (`id`, `tenant_id`, `department_code`, `department_name`, `parent_code`, `level`, `status`, `created_at`, `updated_at`) VALUES ('86','2','DEP86','老年医学病房',NULL,'1','active','2026-01-07 09:30:54',NULL);
INSERT IGNORE INTO `departments` (`id`, `tenant_id`, `department_code`, `department_name`, `parent_code`, `level`, `status`, `created_at`, `updated_at`) VALUES ('87','2','DEP87','全科医学科病房',NULL,'1','active','2026-01-07 09:30:54',NULL);
INSERT IGNORE INTO `departments` (`id`, `tenant_id`, `department_code`, `department_name`, `parent_code`, `level`, `status`, `created_at`, `updated_at`) VALUES ('88','2','DEP88','临床营养科',NULL,'1','active','2026-01-07 09:30:54',NULL);
INSERT IGNORE INTO `departments` (`id`, `tenant_id`, `department_code`, `department_name`, `parent_code`, `level`, `status`, `created_at`, `updated_at`) VALUES ('89','2','DEP89','综合医疗病房',NULL,'1','active','2026-01-07 09:30:54',NULL);
INSERT IGNORE INTO `departments` (`id`, `tenant_id`, `department_code`, `department_name`, `parent_code`, `level`, `status`, `created_at`, `updated_at`) VALUES ('90','2','DEP90','手术室',NULL,'1','active','2026-01-07 09:30:54',NULL);
INSERT IGNORE INTO `departments` (`id`, `tenant_id`, `department_code`, `department_name`, `parent_code`, `level`, `status`, `created_at`, `updated_at`) VALUES ('92','2','DEP91','第一手术室',NULL,'1','active','2026-01-09 10:41:24',NULL);
INSERT IGNORE INTO `departments` (`id`, `tenant_id`, `department_code`, `department_name`, `parent_code`, `level`, `status`, `created_at`, `updated_at`) VALUES ('93','2','DEP92','崇山门诊',NULL,'1','active','2026-01-09 10:41:24',NULL);
INSERT IGNORE INTO `departments` (`id`, `tenant_id`, `department_code`, `department_name`, `parent_code`, `level`, `status`, `created_at`, `updated_at`) VALUES ('94','2','DEP93','消毒供应中心',NULL,'1','active','2026-01-09 10:41:24',NULL);
INSERT IGNORE INTO `departments` (`id`, `tenant_id`, `department_code`, `department_name`, `parent_code`, `level`, `status`, `created_at`, `updated_at`) VALUES ('95','2','DEP94','体检中心',NULL,'1','active','2026-01-09 10:41:24',NULL);
INSERT IGNORE INTO `departments` (`id`, `tenant_id`, `department_code`, `department_name`, `parent_code`, `level`, `status`, `created_at`, `updated_at`) VALUES ('96','2','DEP95','沈北门诊部',NULL,'1','active','2026-01-09 10:41:24',NULL);
INSERT IGNORE INTO `departments` (`id`, `tenant_id`, `department_code`, `department_name`, `parent_code`, `level`, `status`, `created_at`, `updated_at`) VALUES ('97','2','DEP96','第二手术室',NULL,'1','active','2026-01-09 10:41:25',NULL);
INSERT IGNORE INTO `departments` (`id`, `tenant_id`, `department_code`, `department_name`, `parent_code`, `level`, `status`, `created_at`, `updated_at`) VALUES ('98','2','DEP97','和平眼科门诊',NULL,'1','active','2026-01-09 10:41:25',NULL);
INSERT IGNORE INTO `departments` (`id`, `tenant_id`, `department_code`, `department_name`, `parent_code`, `level`, `status`, `created_at`, `updated_at`) VALUES ('99','2','DEP98','耳鼻咽喉门诊',NULL,'1','active','2026-01-09 10:41:25',NULL);
INSERT IGNORE INTO `departments` (`id`, `tenant_id`, `department_code`, `department_name`, `parent_code`, `level`, `status`, `created_at`, `updated_at`) VALUES ('100','2','DEP99','第一介入治疗中心',NULL,'1','active','2026-01-09 10:41:25',NULL);
INSERT IGNORE INTO `departments` (`id`, `tenant_id`, `department_code`, `department_name`, `parent_code`, `level`, `status`, `created_at`, `updated_at`) VALUES ('104','2','DEP100','测试部门_sys_1770363892570',NULL,'2','active','2026-02-06 15:44:53',NULL);
INSERT IGNORE INTO `departments` (`id`, `tenant_id`, `department_code`, `department_name`, `parent_code`, `level`, `status`, `created_at`, `updated_at`) VALUES ('105','2','DEP100','测试部门_asset_1770363893258',NULL,'2','active','2026-02-06 15:44:53',NULL);
INSERT IGNORE INTO `departments` (`id`, `tenant_id`, `department_code`, `department_name`, `parent_code`, `level`, `status`, `created_at`, `updated_at`) VALUES ('106','1','DEP001','测试临床中心_20260328112957',NULL,'2','active','2026-03-28 19:29:57',NULL);
INSERT IGNORE INTO `departments` (`id`, `tenant_id`, `department_code`, `department_name`, `parent_code`, `level`, `status`, `created_at`, `updated_at`) VALUES ('107','1','DEP002','测试设备科_20260328112957','DEP001','3','active','2026-03-28 19:29:57',NULL);
INSERT IGNORE INTO `departments` (`id`, `tenant_id`, `department_code`, `department_name`, `parent_code`, `level`, `status`, `created_at`, `updated_at`) VALUES ('108','1','DEP003','测试检验科_20260328112957','DEP001','3','active','2026-03-28 19:29:57',NULL);
INSERT IGNORE INTO `departments` (`id`, `tenant_id`, `department_code`, `department_name`, `parent_code`, `level`, `status`, `created_at`, `updated_at`) VALUES ('109','1','DEP004','测试影像科_20260328112957',NULL,'2','active','2026-03-28 19:29:57',NULL);
INSERT IGNORE INTO `departments` (`id`, `tenant_id`, `department_code`, `department_name`, `parent_code`, `level`, `status`, `created_at`, `updated_at`) VALUES ('110','3','DEP001','测试部门1',NULL,'2','active','2026-03-31 07:51:31',NULL);
INSERT IGNORE INTO `departments` (`id`, `tenant_id`, `department_code`, `department_name`, `parent_code`, `level`, `status`, `created_at`, `updated_at`) VALUES ('116','5','DEP001','测试部门',NULL,'2','active','2026-04-03 14:20:53',NULL);
INSERT IGNORE INTO `departments` (`id`, `tenant_id`, `department_code`, `department_name`, `parent_code`, `level`, `status`, `created_at`, `updated_at`) VALUES ('117','6','DEP001','测试部门',NULL,'2','active','2026-04-03 14:21:17',NULL);
INSERT IGNORE INTO `departments` (`id`, `tenant_id`, `department_code`, `department_name`, `parent_code`, `level`, `status`, `created_at`, `updated_at`) VALUES ('118','7','DEP001','测试部门',NULL,'2','active','2026-04-03 14:22:41',NULL);
INSERT IGNORE INTO `departments` (`id`, `tenant_id`, `department_code`, `department_name`, `parent_code`, `level`, `status`, `created_at`, `updated_at`) VALUES ('119','8','DEP001','测试部门',NULL,'2','active','2026-04-03 14:25:39',NULL);
INSERT IGNORE INTO `departments` (`id`, `tenant_id`, `department_code`, `department_name`, `parent_code`, `level`, `status`, `created_at`, `updated_at`) VALUES ('120','9','DEP001','测试部门',NULL,'2','active','2026-04-03 14:36:51',NULL);
INSERT IGNORE INTO `departments` (`id`, `tenant_id`, `department_code`, `department_name`, `parent_code`, `level`, `status`, `created_at`, `updated_at`) VALUES ('121','10','DEP001','测试部门',NULL,'2','active','2026-04-09 14:13:21',NULL);
INSERT IGNORE INTO `departments` (`id`, `tenant_id`, `department_code`, `department_name`, `parent_code`, `level`, `status`, `created_at`, `updated_at`) VALUES ('122','11','DEP001','测试部门',NULL,'2','active','2026-04-15 10:40:53',NULL);
INSERT IGNORE INTO `departments` (`id`, `tenant_id`, `department_code`, `department_name`, `parent_code`, `level`, `status`, `created_at`, `updated_at`) VALUES ('123','12','DEP001','测试部门',NULL,'2','active','2026-04-15 10:42:03',NULL);
INSERT IGNORE INTO `departments` (`id`, `tenant_id`, `department_code`, `department_name`, `parent_code`, `level`, `status`, `created_at`, `updated_at`) VALUES ('124','2','DEP000100','测试部门99',NULL,'2','active','2026-05-09 00:29:58',NULL);

-- Data for asset_categories (37 rows)
INSERT IGNORE INTO `asset_categories` (`id`, `tenant_id`, `name`, `code`, `parent_id`, `level`, `description`, `is_public`, `created_at`, `updated_at`) VALUES ('1','2','医疗设备','YL','0','1','医院医疗设备分类','1','2026-01-06 22:55:31',NULL);
INSERT IGNORE INTO `asset_categories` (`id`, `tenant_id`, `name`, `code`, `parent_id`, `level`, `description`, `is_public`, `created_at`, `updated_at`) VALUES ('2','2','普通设备','PT','0','1','普通设备分类','1','2026-01-06 22:55:31',NULL);
INSERT IGNORE INTO `asset_categories` (`id`, `tenant_id`, `name`, `code`, `parent_id`, `level`, `description`, `is_public`, `created_at`, `updated_at`) VALUES ('3','2','房产建筑','FC','0','1','房产建筑分类','1','2026-01-06 22:55:31',NULL);
INSERT IGNORE INTO `asset_categories` (`id`, `tenant_id`, `name`, `code`, `parent_id`, `level`, `description`, `is_public`, `created_at`, `updated_at`) VALUES ('4','2','办公家具','BGJJ','0','1','办公家具分类','1','2026-01-06 22:55:31',NULL);
INSERT IGNORE INTO `asset_categories` (`id`, `tenant_id`, `name`, `code`, `parent_id`, `level`, `description`, `is_public`, `created_at`, `updated_at`) VALUES ('5','2','医疗影像设备','YL-01','1','2','CT、MRI、X光机等','1','2026-01-06 22:55:31',NULL);
INSERT IGNORE INTO `asset_categories` (`id`, `tenant_id`, `name`, `code`, `parent_id`, `level`, `description`, `is_public`, `created_at`, `updated_at`) VALUES ('6','2','生命支持设备','YL-02','1','2','呼吸机、监护仪等','1','2026-01-06 22:55:31',NULL);
INSERT IGNORE INTO `asset_categories` (`id`, `tenant_id`, `name`, `code`, `parent_id`, `level`, `description`, `is_public`, `created_at`, `updated_at`) VALUES ('7','2','检验设备','YL-03','1','2','生化分析仪、血球仪等','1','2026-01-06 22:55:31',NULL);
INSERT IGNORE INTO `asset_categories` (`id`, `tenant_id`, `name`, `code`, `parent_id`, `level`, `description`, `is_public`, `created_at`, `updated_at`) VALUES ('8','2','办公设备','BGSB','0','1','电脑、打印机等','1','2026-01-06 22:55:31',NULL);
INSERT IGNORE INTO `asset_categories` (`id`, `tenant_id`, `name`, `code`, `parent_id`, `level`, `description`, `is_public`, `created_at`, `updated_at`) VALUES ('9','2','车辆','PT-02','2','2','各类车辆','1','2026-01-06 22:55:31',NULL);
INSERT IGNORE INTO `asset_categories` (`id`, `tenant_id`, `name`, `code`, `parent_id`, `level`, `description`, `is_public`, `created_at`, `updated_at`) VALUES ('10','2','建筑物','FC-01','3','2','各类建筑物','1','2026-01-06 22:55:31',NULL);
INSERT IGNORE INTO `asset_categories` (`id`, `tenant_id`, `name`, `code`, `parent_id`, `level`, `description`, `is_public`, `created_at`, `updated_at`) VALUES ('11','2','土地','FC-02','3','2','土地资产','1','2026-01-06 22:55:31',NULL);
INSERT IGNORE INTO `asset_categories` (`id`, `tenant_id`, `name`, `code`, `parent_id`, `level`, `description`, `is_public`, `created_at`, `updated_at`) VALUES ('12','2','办公桌椅','BG-01','4','2','办公桌椅','1','2026-01-06 22:55:31',NULL);
INSERT IGNORE INTO `asset_categories` (`id`, `tenant_id`, `name`, `code`, `parent_id`, `level`, `description`, `is_public`, `created_at`, `updated_at`) VALUES ('13','2','文件柜','BG-02','4','2','文件柜、储物柜','1','2026-01-06 22:55:31',NULL);
INSERT IGNORE INTO `asset_categories` (`id`, `tenant_id`, `name`, `code`, `parent_id`, `level`, `description`, `is_public`, `created_at`, `updated_at`) VALUES ('14','2','床','BG-03','4','2','病床i以外的床类','1','2026-01-21 16:56:36',NULL);
INSERT IGNORE INTO `asset_categories` (`id`, `tenant_id`, `name`, `code`, `parent_id`, `level`, `description`, `is_public`, `created_at`, `updated_at`) VALUES ('15','2','计算机软件','RJ','0','1','计算机软件','1','2026-01-21 19:54:06',NULL);
INSERT IGNORE INTO `asset_categories` (`id`, `tenant_id`, `name`, `code`, `parent_id`, `level`, `description`, `is_public`, `created_at`, `updated_at`) VALUES ('16','2','书籍、刊物','SJ','0','1','书籍、刊物','1','2026-01-21 19:54:56',NULL);
INSERT IGNORE INTO `asset_categories` (`id`, `tenant_id`, `name`, `code`, `parent_id`, `level`, `description`, `is_public`, `created_at`, `updated_at`) VALUES ('19','2','操作系统','RJ_001','15','2','操作系统','1','2026-01-21 21:46:44',NULL);
INSERT IGNORE INTO `asset_categories` (`id`, `tenant_id`, `name`, `code`, `parent_id`, `level`, `description`, `is_public`, `created_at`, `updated_at`) VALUES ('20','2','应用软件','RJ_002','15','2','应用软件','1','2026-01-21 21:47:18',NULL);
INSERT IGNORE INTO `asset_categories` (`id`, `tenant_id`, `name`, `code`, `parent_id`, `level`, `description`, `is_public`, `created_at`, `updated_at`) VALUES ('22','2','书籍、刊物','SJ_001','16','2','书籍、刊物','1','2026-01-21 19:04:59',NULL);
INSERT IGNORE INTO `asset_categories` (`id`, `tenant_id`, `name`, `code`, `parent_id`, `level`, `description`, `is_public`, `created_at`, `updated_at`) VALUES ('23','2','沙发','BG_04','4','2','沙发','1','2026-01-21 22:01:09',NULL);
INSERT IGNORE INTO `asset_categories` (`id`, `tenant_id`, `name`, `code`, `parent_id`, `level`, `description`, `is_public`, `created_at`, `updated_at`) VALUES ('24','2','计算机','BGSB_01','8','2','包含显示器','1','2026-01-21 22:03:20',NULL);
INSERT IGNORE INTO `asset_categories` (`id`, `tenant_id`, `name`, `code`, `parent_id`, `level`, `description`, `is_public`, `created_at`, `updated_at`) VALUES ('25','2','计算机主机','BGSB_02','8','2','不包含显示器','1','2026-01-21 22:04:03',NULL);
INSERT IGNORE INTO `asset_categories` (`id`, `tenant_id`, `name`, `code`, `parent_id`, `level`, `description`, `is_public`, `created_at`, `updated_at`) VALUES ('26','2','打印机','BGSG_03','8','2','各种打印机','1','2026-01-21 22:04:23',NULL);
INSERT IGNORE INTO `asset_categories` (`id`, `tenant_id`, `name`, `code`, `parent_id`, `level`, `description`, `is_public`, `created_at`, `updated_at`) VALUES ('27','2','其它','BGSB_04','8','2','其它办公设备','1','2026-01-21 22:05:13',NULL);
INSERT IGNORE INTO `asset_categories` (`id`, `tenant_id`, `name`, `code`, `parent_id`, `level`, `description`, `is_public`, `created_at`, `updated_at`) VALUES ('28','2','其它','qt_01','2','2','其它设备','1','2026-01-21 22:07:32',NULL);
INSERT IGNORE INTO `asset_categories` (`id`, `tenant_id`, `name`, `code`, `parent_id`, `level`, `description`, `is_public`, `created_at`, `updated_at`) VALUES ('29','2','显示器','xsq','8','2','各种显示器','1','2026-01-21 22:10:43',NULL);
INSERT IGNORE INTO `asset_categories` (`id`, `tenant_id`, `name`, `code`, `parent_id`, `level`, `description`, `is_public`, `created_at`, `updated_at`) VALUES ('30','1','默认分类','CAT-1-DEFAULT','0','1','测试分类','0','2026-02-13 10:14:17',NULL);
INSERT IGNORE INTO `asset_categories` (`id`, `tenant_id`, `name`, `code`, `parent_id`, `level`, `description`, `is_public`, `created_at`, `updated_at`) VALUES ('31','3','测试分类','T3_TEST_CAT_SEED',NULL,'1','批量测试资产','0','2026-03-28 17:29:05',NULL);
INSERT IGNORE INTO `asset_categories` (`id`, `tenant_id`, `name`, `code`, `parent_id`, `level`, `description`, `is_public`, `created_at`, `updated_at`) VALUES ('32','4','测试分类','TEST_CATEGORY_4',NULL,'1',NULL,'0','2026-04-03 00:00:33',NULL);
INSERT IGNORE INTO `asset_categories` (`id`, `tenant_id`, `name`, `code`, `parent_id`, `level`, `description`, `is_public`, `created_at`, `updated_at`) VALUES ('35','5','测试分类','TEST_CATEGORY_5',NULL,'1','系统注册自动初始化测试数据','0','2026-04-03 14:20:53',NULL);
INSERT IGNORE INTO `asset_categories` (`id`, `tenant_id`, `name`, `code`, `parent_id`, `level`, `description`, `is_public`, `created_at`, `updated_at`) VALUES ('36','6','测试分类','TEST_CATEGORY_6',NULL,'1','系统注册自动初始化测试数据','0','2026-04-03 14:21:17',NULL);
INSERT IGNORE INTO `asset_categories` (`id`, `tenant_id`, `name`, `code`, `parent_id`, `level`, `description`, `is_public`, `created_at`, `updated_at`) VALUES ('37','7','测试分类','TEST_CATEGORY_7',NULL,'1','系统注册自动初始化测试数据','0','2026-04-03 14:22:41',NULL);
INSERT IGNORE INTO `asset_categories` (`id`, `tenant_id`, `name`, `code`, `parent_id`, `level`, `description`, `is_public`, `created_at`, `updated_at`) VALUES ('38','8','测试分类','TEST_CATEGORY_8',NULL,'1','系统注册自动初始化测试数据','0','2026-04-03 14:25:39',NULL);
INSERT IGNORE INTO `asset_categories` (`id`, `tenant_id`, `name`, `code`, `parent_id`, `level`, `description`, `is_public`, `created_at`, `updated_at`) VALUES ('39','9','测试分类','TEST_CATEGORY_9',NULL,'1','系统注册自动初始化测试数据','0','2026-04-03 14:36:51',NULL);
INSERT IGNORE INTO `asset_categories` (`id`, `tenant_id`, `name`, `code`, `parent_id`, `level`, `description`, `is_public`, `created_at`, `updated_at`) VALUES ('40','10','测试分类','TEST_CATEGORY_10',NULL,'1','系统注册自动初始化测试数据','0','2026-04-09 14:13:21',NULL);
INSERT IGNORE INTO `asset_categories` (`id`, `tenant_id`, `name`, `code`, `parent_id`, `level`, `description`, `is_public`, `created_at`, `updated_at`) VALUES ('41','11','测试分类','TEST_CATEGORY_11',NULL,'1','系统注册自动初始化测试数据','0','2026-04-15 10:40:53',NULL);
INSERT IGNORE INTO `asset_categories` (`id`, `tenant_id`, `name`, `code`, `parent_id`, `level`, `description`, `is_public`, `created_at`, `updated_at`) VALUES ('42','12','测试分类','TEST_CATEGORY_12',NULL,'1','系统注册自动初始化测试数据','0','2026-04-15 10:42:03',NULL);

-- Data for roles (16 rows)
INSERT IGNORE INTO `roles` (`id`, `role_code`, `role_name`, `description`, `is_system_role`, `is_active`, `created_at`, `updated_at`, `created_by`) VALUES ('1','system_admin','系统管理员','租户系统管理员','1','1','2026-01-12 17:26:17',NULL,NULL);
INSERT IGNORE INTO `roles` (`id`, `role_code`, `role_name`, `description`, `is_system_role`, `is_active`, `created_at`, `updated_at`, `created_by`) VALUES ('2','asset_admin','资产管理员','资产管理角色','1','1','2026-01-12 17:26:17',NULL,NULL);
INSERT IGNORE INTO `roles` (`id`, `role_code`, `role_name`, `description`, `is_system_role`, `is_active`, `created_at`, `updated_at`, `created_by`) VALUES ('3','department_admin','科室管理员','科室管理角色','1','1','2026-01-12 17:26:17',NULL,NULL);
INSERT IGNORE INTO `roles` (`id`, `role_code`, `role_name`, `description`, `is_system_role`, `is_active`, `created_at`, `updated_at`, `created_by`) VALUES ('4','test_role_1771311377','测试角色','测试角色','0','1','2026-02-17 14:56:18',NULL,NULL);
INSERT IGNORE INTO `roles` (`id`, `role_code`, `role_name`, `description`, `is_system_role`, `is_active`, `created_at`, `updated_at`, `created_by`) VALUES ('5','test_1771311406','测试角色','测试角色','0','1','2026-02-17 14:56:47',NULL,NULL);
INSERT IGNORE INTO `roles` (`id`, `role_code`, `role_name`, `description`, `is_system_role`, `is_active`, `created_at`, `updated_at`, `created_by`) VALUES ('6','test_role','测试角色','测试','0','1','2026-02-17 14:57:37',NULL,NULL);
INSERT IGNORE INTO `roles` (`id`, `role_code`, `role_name`, `description`, `is_system_role`, `is_active`, `created_at`, `updated_at`, `created_by`) VALUES ('7','test_role_1771311631','测试角色','测试角色','0','1','2026-02-17 15:00:31',NULL,NULL);
INSERT IGNORE INTO `roles` (`id`, `role_code`, `role_name`, `description`, `is_system_role`, `is_active`, `created_at`, `updated_at`, `created_by`) VALUES ('8','role_1771311737','测试角色','测试','0','1','2026-02-17 15:02:22',NULL,NULL);
INSERT IGNORE INTO `roles` (`id`, `role_code`, `role_name`, `description`, `is_system_role`, `is_active`, `created_at`, `updated_at`, `created_by`) VALUES ('9','super_admin','超级管理员','系统最高权限角色','1','1','2026-02-21 21:49:04',NULL,'system');
INSERT IGNORE INTO `roles` (`id`, `role_code`, `role_name`, `description`, `is_system_role`, `is_active`, `created_at`, `updated_at`, `created_by`) VALUES ('13','metrology_admin','计量管理员','计量质量角色','1','1','2026-02-21 21:49:04',NULL,'system');
INSERT IGNORE INTO `roles` (`id`, `role_code`, `role_name`, `description`, `is_system_role`, `is_active`, `created_at`, `updated_at`, `created_by`) VALUES ('14','quality_admin','质量管理员','质量管理角色','1','1','2026-02-21 21:49:04',NULL,'system');
INSERT IGNORE INTO `roles` (`id`, `role_code`, `role_name`, `description`, `is_system_role`, `is_active`, `created_at`, `updated_at`, `created_by`) VALUES ('15','maintenance_admin','维护管理员','维护管理角色','1','1','2026-02-21 21:49:04',NULL,'system');
INSERT IGNORE INTO `roles` (`id`, `role_code`, `role_name`, `description`, `is_system_role`, `is_active`, `created_at`, `updated_at`, `created_by`) VALUES ('16','acceptance_admin','验收管理员','验收管理角色','1','1','2026-02-21 21:49:04',NULL,'system');
INSERT IGNORE INTO `roles` (`id`, `role_code`, `role_name`, `description`, `is_system_role`, `is_active`, `created_at`, `updated_at`, `created_by`) VALUES ('17','transfer_admin','调配管理员','调配管理角色','1','1','2026-02-21 21:49:04',NULL,'system');
INSERT IGNORE INTO `roles` (`id`, `role_code`, `role_name`, `description`, `is_system_role`, `is_active`, `created_at`, `updated_at`, `created_by`) VALUES ('18','inventory_admin','盘点管理员','盘点管理角色','1','1','2026-02-21 21:49:04',NULL,'system');
INSERT IGNORE INTO `roles` (`id`, `role_code`, `role_name`, `description`, `is_system_role`, `is_active`, `created_at`, `updated_at`, `created_by`) VALUES ('19','user','普通用户','基础用户角色','1','1','2026-02-21 21:49:05',NULL,'system');

-- Data for role_permissions (93 rows)
INSERT IGNORE INTO `role_permissions` (`id`, `role`, `permission`, `description`) VALUES ('1','system_admin','view_all_assets','查看所有资产');
INSERT IGNORE INTO `role_permissions` (`id`, `role`, `permission`, `description`) VALUES ('2','system_admin','edit_all_assets','编辑所有资产');
INSERT IGNORE INTO `role_permissions` (`id`, `role`, `permission`, `description`) VALUES ('3','system_admin','add_assets','添加资产');
INSERT IGNORE INTO `role_permissions` (`id`, `role`, `permission`, `description`) VALUES ('4','system_admin','delete_assets','删除资产');
INSERT IGNORE INTO `role_permissions` (`id`, `role`, `permission`, `description`) VALUES ('5','system_admin','manage_users','管理用户');
INSERT IGNORE INTO `role_permissions` (`id`, `role`, `permission`, `description`) VALUES ('6','system_admin','manage_departments','管理科室');
INSERT IGNORE INTO `role_permissions` (`id`, `role`, `permission`, `description`) VALUES ('7','system_admin','view_statistics','查看统计信息');
INSERT IGNORE INTO `role_permissions` (`id`, `role`, `permission`, `description`) VALUES ('12','department_admin','view_own_department_assets','查看自己科室的资产');
INSERT IGNORE INTO `role_permissions` (`id`, `role`, `permission`, `description`) VALUES ('13','department_admin','view_statistics','查看统计信息');
INSERT IGNORE INTO `role_permissions` (`id`, `role`, `permission`, `description`) VALUES ('14','system_admin','asset.view_all','查看所有资产');
INSERT IGNORE INTO `role_permissions` (`id`, `role`, `permission`, `description`) VALUES ('15','system_admin','asset.view_own_department','查看本科室资产');
INSERT IGNORE INTO `role_permissions` (`id`, `role`, `permission`, `description`) VALUES ('16','system_admin','asset.add','添加资产');
INSERT IGNORE INTO `role_permissions` (`id`, `role`, `permission`, `description`) VALUES ('17','system_admin','asset.edit_all','编辑所有资产');
INSERT IGNORE INTO `role_permissions` (`id`, `role`, `permission`, `description`) VALUES ('18','system_admin','asset.edit_own_department','编辑本科室资产');
INSERT IGNORE INTO `role_permissions` (`id`, `role`, `permission`, `description`) VALUES ('19','system_admin','asset.delete_all','删除所有资产');
INSERT IGNORE INTO `role_permissions` (`id`, `role`, `permission`, `description`) VALUES ('20','system_admin','asset.delete_own_department','删除本科室资产');
INSERT IGNORE INTO `role_permissions` (`id`, `role`, `permission`, `description`) VALUES ('21','system_admin','asset.import','导入资产');
INSERT IGNORE INTO `role_permissions` (`id`, `role`, `permission`, `description`) VALUES ('22','system_admin','asset.export','导出资产');
INSERT IGNORE INTO `role_permissions` (`id`, `role`, `permission`, `description`) VALUES ('23','system_admin','image.upload','上传资产图片');
INSERT IGNORE INTO `role_permissions` (`id`, `role`, `permission`, `description`) VALUES ('24','system_admin','image.delete','删除资产图片');
INSERT IGNORE INTO `role_permissions` (`id`, `role`, `permission`, `description`) VALUES ('25','system_admin','image.view','查看资产图片');
INSERT IGNORE INTO `role_permissions` (`id`, `role`, `permission`, `description`) VALUES ('26','system_admin','document.upload','上传技术资料');
INSERT IGNORE INTO `role_permissions` (`id`, `role`, `permission`, `description`) VALUES ('27','system_admin','document.download','下载技术资料');
INSERT IGNORE INTO `role_permissions` (`id`, `role`, `permission`, `description`) VALUES ('28','system_admin','document.delete','删除技术资料');
INSERT IGNORE INTO `role_permissions` (`id`, `role`, `permission`, `description`) VALUES ('29','system_admin','document.link','关联技术资料');
INSERT IGNORE INTO `role_permissions` (`id`, `role`, `permission`, `description`) VALUES ('30','system_admin','document.unlink','取消关联技术资料');
INSERT IGNORE INTO `role_permissions` (`id`, `role`, `permission`, `description`) VALUES ('31','system_admin','document.review','审核技术资料');
INSERT IGNORE INTO `role_permissions` (`id`, `role`, `permission`, `description`) VALUES ('32','system_admin','document.share_link','生成分享链接');
INSERT IGNORE INTO `role_permissions` (`id`, `role`, `permission`, `description`) VALUES ('33','system_admin','maintenance.view','查看维护日志');
INSERT IGNORE INTO `role_permissions` (`id`, `role`, `permission`, `description`) VALUES ('34','system_admin','maintenance.add','添加维护日志');
INSERT IGNORE INTO `role_permissions` (`id`, `role`, `permission`, `description`) VALUES ('35','system_admin','maintenance.edit','编辑维护日志');
INSERT IGNORE INTO `role_permissions` (`id`, `role`, `permission`, `description`) VALUES ('36','system_admin','maintenance.delete','删除维护日志');
INSERT IGNORE INTO `role_permissions` (`id`, `role`, `permission`, `description`) VALUES ('37','system_admin','user.view','查看用户列表');
INSERT IGNORE INTO `role_permissions` (`id`, `role`, `permission`, `description`) VALUES ('38','system_admin','user.add','添加用户');
INSERT IGNORE INTO `role_permissions` (`id`, `role`, `permission`, `description`) VALUES ('39','system_admin','user.edit','编辑用户');
INSERT IGNORE INTO `role_permissions` (`id`, `role`, `permission`, `description`) VALUES ('40','system_admin','user.delete','删除用户');
INSERT IGNORE INTO `role_permissions` (`id`, `role`, `permission`, `description`) VALUES ('41','system_admin','user.manage_role','管理用户角色');
INSERT IGNORE INTO `role_permissions` (`id`, `role`, `permission`, `description`) VALUES ('42','system_admin','role.view','查看角色列表');
INSERT IGNORE INTO `role_permissions` (`id`, `role`, `permission`, `description`) VALUES ('43','system_admin','role.add','添加角色');
INSERT IGNORE INTO `role_permissions` (`id`, `role`, `permission`, `description`) VALUES ('44','system_admin','role.edit','编辑角色');
INSERT IGNORE INTO `role_permissions` (`id`, `role`, `permission`, `description`) VALUES ('45','system_admin','role.delete','删除角色');
INSERT IGNORE INTO `role_permissions` (`id`, `role`, `permission`, `description`) VALUES ('46','system_admin','role.manage_permissions','管理角色权限');
INSERT IGNORE INTO `role_permissions` (`id`, `role`, `permission`, `description`) VALUES ('47','system_admin','department.view','查看科室列表');
INSERT IGNORE INTO `role_permissions` (`id`, `role`, `permission`, `description`) VALUES ('48','system_admin','department.add','添加科室');
INSERT IGNORE INTO `role_permissions` (`id`, `role`, `permission`, `description`) VALUES ('49','system_admin','department.edit','编辑科室');
INSERT IGNORE INTO `role_permissions` (`id`, `role`, `permission`, `description`) VALUES ('50','system_admin','department.delete','删除科室');
INSERT IGNORE INTO `role_permissions` (`id`, `role`, `permission`, `description`) VALUES ('51','system_admin','statistics.view','查看统计信息');
INSERT IGNORE INTO `role_permissions` (`id`, `role`, `permission`, `description`) VALUES ('52','system_admin','statistics.export','导出统计报表');
INSERT IGNORE INTO `role_permissions` (`id`, `role`, `permission`, `description`) VALUES ('53','system_admin','system.backup','系统备份');
INSERT IGNORE INTO `role_permissions` (`id`, `role`, `permission`, `description`) VALUES ('54','system_admin','system.restore','系统恢复');
INSERT IGNORE INTO `role_permissions` (`id`, `role`, `permission`, `description`) VALUES ('55','system_admin','system.config','系统配置');
INSERT IGNORE INTO `role_permissions` (`id`, `role`, `permission`, `description`) VALUES ('56','system_admin','system.audit_log','查看审计日志');
INSERT IGNORE INTO `role_permissions` (`id`, `role`, `permission`, `description`) VALUES ('57','system_admin','transfer.view','查看调配记录');
INSERT IGNORE INTO `role_permissions` (`id`, `role`, `permission`, `description`) VALUES ('58','system_admin','transfer.apply','申请调配');
INSERT IGNORE INTO `role_permissions` (`id`, `role`, `permission`, `description`) VALUES ('59','system_admin','transfer.approve','审批调配');
INSERT IGNORE INTO `role_permissions` (`id`, `role`, `permission`, `description`) VALUES ('60','system_admin','transfer.complete','完成调配');
INSERT IGNORE INTO `role_permissions` (`id`, `role`, `permission`, `description`) VALUES ('61','system_admin','inventory.view','查看盘点记录');
INSERT IGNORE INTO `role_permissions` (`id`, `role`, `permission`, `description`) VALUES ('62','system_admin','inventory.create','创建盘点');
INSERT IGNORE INTO `role_permissions` (`id`, `role`, `permission`, `description`) VALUES ('63','system_admin','inventory.edit','编辑盘点');
INSERT IGNORE INTO `role_permissions` (`id`, `role`, `permission`, `description`) VALUES ('64','system_admin','inventory.delete','删除盘点');
INSERT IGNORE INTO `role_permissions` (`id`, `role`, `permission`, `description`) VALUES ('87','department_admin','asset.view_own_department','查看本科室资产');
INSERT IGNORE INTO `role_permissions` (`id`, `role`, `permission`, `description`) VALUES ('88','department_admin','image.view','查看资产图片');
INSERT IGNORE INTO `role_permissions` (`id`, `role`, `permission`, `description`) VALUES ('89','department_admin','document.download','下载技术资料');
INSERT IGNORE INTO `role_permissions` (`id`, `role`, `permission`, `description`) VALUES ('90','department_admin','maintenance.view','查看维护日志');
INSERT IGNORE INTO `role_permissions` (`id`, `role`, `permission`, `description`) VALUES ('91','department_admin','statistics.view','查看统计信息');
INSERT IGNORE INTO `role_permissions` (`id`, `role`, `permission`, `description`) VALUES ('121','asset_admin','add_assets','add_assets');
INSERT IGNORE INTO `role_permissions` (`id`, `role`, `permission`, `description`) VALUES ('122','asset_admin','asset.add','添加资产');
INSERT IGNORE INTO `role_permissions` (`id`, `role`, `permission`, `description`) VALUES ('123','asset_admin','asset.delete_own_department','删除本科室资产');
INSERT IGNORE INTO `role_permissions` (`id`, `role`, `permission`, `description`) VALUES ('124','asset_admin','asset.edit_own_department','编辑本科室资产');
INSERT IGNORE INTO `role_permissions` (`id`, `role`, `permission`, `description`) VALUES ('125','asset_admin','asset.export','导出资产');
INSERT IGNORE INTO `role_permissions` (`id`, `role`, `permission`, `description`) VALUES ('126','asset_admin','asset.view_own_department','查看本科室资产');
INSERT IGNORE INTO `role_permissions` (`id`, `role`, `permission`, `description`) VALUES ('127','asset_admin','document.download','下载技术资料');
INSERT IGNORE INTO `role_permissions` (`id`, `role`, `permission`, `description`) VALUES ('128','asset_admin','document.link','关联技术资料');
INSERT IGNORE INTO `role_permissions` (`id`, `role`, `permission`, `description`) VALUES ('129','asset_admin','document.share_link','生成分享链接');
INSERT IGNORE INTO `role_permissions` (`id`, `role`, `permission`, `description`) VALUES ('130','asset_admin','document.upload','上传技术资料');
INSERT IGNORE INTO `role_permissions` (`id`, `role`, `permission`, `description`) VALUES ('131','asset_admin','edit_own_department_assets','edit_own_department_assets');
INSERT IGNORE INTO `role_permissions` (`id`, `role`, `permission`, `description`) VALUES ('132','asset_admin','image.upload','上传资产图片');
INSERT IGNORE INTO `role_permissions` (`id`, `role`, `permission`, `description`) VALUES ('133','asset_admin','image.view','查看资产图片');
INSERT IGNORE INTO `role_permissions` (`id`, `role`, `permission`, `description`) VALUES ('134','asset_admin','inventory.create','创建盘点');
INSERT IGNORE INTO `role_permissions` (`id`, `role`, `permission`, `description`) VALUES ('135','asset_admin','inventory.view','查看盘点记录');
INSERT IGNORE INTO `role_permissions` (`id`, `role`, `permission`, `description`) VALUES ('136','asset_admin','maintenance.add','添加维护日志');
INSERT IGNORE INTO `role_permissions` (`id`, `role`, `permission`, `description`) VALUES ('137','asset_admin','maintenance.edit','编辑维护日志');
INSERT IGNORE INTO `role_permissions` (`id`, `role`, `permission`, `description`) VALUES ('138','asset_admin','maintenance.view','查看维护日志');
INSERT IGNORE INTO `role_permissions` (`id`, `role`, `permission`, `description`) VALUES ('139','asset_admin','statistics.view','查看统计信息');
INSERT IGNORE INTO `role_permissions` (`id`, `role`, `permission`, `description`) VALUES ('140','asset_admin','transfer.apply','申请调配');
INSERT IGNORE INTO `role_permissions` (`id`, `role`, `permission`, `description`) VALUES ('141','asset_admin','transfer.view','查看调配记录');
INSERT IGNORE INTO `role_permissions` (`id`, `role`, `permission`, `description`) VALUES ('142','asset_admin','user.add','添加用户');
INSERT IGNORE INTO `role_permissions` (`id`, `role`, `permission`, `description`) VALUES ('143','asset_admin','user.delete','删除用户');
INSERT IGNORE INTO `role_permissions` (`id`, `role`, `permission`, `description`) VALUES ('144','asset_admin','user.edit','编辑用户');
INSERT IGNORE INTO `role_permissions` (`id`, `role`, `permission`, `description`) VALUES ('145','asset_admin','user.manage_role','管理用户角色');
INSERT IGNORE INTO `role_permissions` (`id`, `role`, `permission`, `description`) VALUES ('146','asset_admin','user.view','查看用户列表');
INSERT IGNORE INTO `role_permissions` (`id`, `role`, `permission`, `description`) VALUES ('147','asset_admin','view_own_department_assets','view_own_department_assets');
INSERT IGNORE INTO `role_permissions` (`id`, `role`, `permission`, `description`) VALUES ('148','asset_admin','view_statistics','view_statistics');

-- Table menus does not exist, skipping

-- Table page_views does not exist, skipping

-- Table system_config does not exist, skipping

-- Data for users (128 rows)
INSERT IGNORE INTO `users` (`id`, `username`, `password`, `real_name`, `department_code`, `email`, `phone`, `status`, `created_at`, `updated_at`, `updated_by`, `tenant_id`) VALUES ('1','admin','$2b$10$BmuFsHQnEszOSpxFXaVYXen52mT2Far13JFcal5nxdyjJc6dhP9a6','系统管理员（admin）',NULL,NULL,NULL,'active','2026-01-07 11:24:08','2026-03-28 21:46:41','超级管理员','2');
INSERT IGNORE INTO `users` (`id`, `username`, `password`, `real_name`, `department_code`, `email`, `phone`, `status`, `created_at`, `updated_at`, `updated_by`, `tenant_id`) VALUES ('2','leon','$2b$10$ddLhtuyBc0rrXxS.82W1g.y1Q9sio8RG0mWIPN0v.JQQFEqgN497W','李传佳',NULL,NULL,NULL,'active','2026-01-08 10:41:11','2026-01-08 13:23:22','系统管理员','2');
INSERT IGNORE INTO `users` (`id`, `username`, `password`, `real_name`, `department_code`, `email`, `phone`, `status`, `created_at`, `updated_at`, `updated_by`, `tenant_id`) VALUES ('3','杭帆','$2b$10$vIYXgNILgW3YrUEyrnMmtepG8hJ7UUF7cAlcXlJHTjTS0xQE/zxly','杭帆',NULL,NULL,'18900912267','active','2026-01-09 09:51:38',NULL,NULL,'2');
INSERT IGNORE INTO `users` (`id`, `username`, `password`, `real_name`, `department_code`, `email`, `phone`, `status`, `created_at`, `updated_at`, `updated_by`, `tenant_id`) VALUES ('4','李美琪','$2b$10$XrrdnF693l2enLDPUEXqX.6zPMxbcpu6clWUnU.lfH6tyfxJlAub6','李美琪',NULL,NULL,'18900913124','active','2026-01-09 09:51:38',NULL,NULL,'2');
INSERT IGNORE INTO `users` (`id`, `username`, `password`, `real_name`, `department_code`, `email`, `phone`, `status`, `created_at`, `updated_at`, `updated_by`, `tenant_id`) VALUES ('5','李诗','$2b$10$SZ2jmma5z74SirS8OUF3I.WTDa9MBtOHMHJf.Vmm7VbnaL1LEpZN.','李诗',NULL,NULL,'18900913410','active','2026-01-09 09:51:38',NULL,NULL,'2');
INSERT IGNORE INTO `users` (`id`, `username`, `password`, `real_name`, `department_code`, `email`, `phone`, `status`, `created_at`, `updated_at`, `updated_by`, `tenant_id`) VALUES ('6','王霞','$2b$10$ScMAQ7ZxdjWhtjCB/ROcmO9p6uDgWl2IW/rTIPPMk02rLiIDsMsqO','王霞',NULL,NULL,NULL,'active','2026-01-09 09:51:39',NULL,NULL,'2');
INSERT IGNORE INTO `users` (`id`, `username`, `password`, `real_name`, `department_code`, `email`, `phone`, `status`, `created_at`, `updated_at`, `updated_by`, `tenant_id`) VALUES ('7','车梦昕','$2b$10$FujynZLplpv4SYCW25oKJ.rM.Bx9WktA46.jCFtuo1yNjaIAo4tv.','车梦昕',NULL,NULL,'18900912150','active','2026-01-09 09:51:39',NULL,NULL,'2');
INSERT IGNORE INTO `users` (`id`, `username`, `password`, `real_name`, `department_code`, `email`, `phone`, `status`, `created_at`, `updated_at`, `updated_by`, `tenant_id`) VALUES ('8','孙振男','$2b$10$sGdSwWDcewc8IbiPtrZSmeC7UIhAQOZnmQYAiiEIXdJ2pqfkRp5Nq','孙振男',NULL,NULL,'18900915400','active','2026-01-09 09:51:39',NULL,NULL,'2');
INSERT IGNORE INTO `users` (`id`, `username`, `password`, `real_name`, `department_code`, `email`, `phone`, `status`, `created_at`, `updated_at`, `updated_by`, `tenant_id`) VALUES ('9','吴迪','$2b$10$2VO7EKdcUFTZAAVdMDemtO.6Swrd3qa6J4U9yaD0LBdsUsT5Gp7G6','吴迪',NULL,NULL,'18900913371','active','2026-01-09 09:51:39',NULL,NULL,'2');
INSERT IGNORE INTO `users` (`id`, `username`, `password`, `real_name`, `department_code`, `email`, `phone`, `status`, `created_at`, `updated_at`, `updated_by`, `tenant_id`) VALUES ('10','段丽鑫','$2b$10$J/oJ9VqoZ5lYzZOXlLyHt.2XV4P3QDTPOPf2poQ5qCVSGVrz9X84W','段丽鑫',NULL,NULL,'18900912619','active','2026-01-09 09:51:39',NULL,NULL,'2');
INSERT IGNORE INTO `users` (`id`, `username`, `password`, `real_name`, `department_code`, `email`, `phone`, `status`, `created_at`, `updated_at`, `updated_by`, `tenant_id`) VALUES ('11','阎昭辰','$2b$10$X9NGHpk7FfdMWngtIPt7k.uNstSitWnDifypxa8NeerDhqiqENrna','阎昭辰',NULL,NULL,'18900912264','active','2026-01-09 09:51:39',NULL,NULL,'2');
INSERT IGNORE INTO `users` (`id`, `username`, `password`, `real_name`, `department_code`, `email`, `phone`, `status`, `created_at`, `updated_at`, `updated_by`, `tenant_id`) VALUES ('12','马君倩','$2b$10$dE8gNjIyIQKMZC0NyW.IseSy3bY3Dbm9WPrPE2rG6OTL/uQkf5UBy','马君倩',NULL,NULL,'18900912153','active','2026-01-09 09:51:39',NULL,NULL,'2');
INSERT IGNORE INTO `users` (`id`, `username`, `password`, `real_name`, `department_code`, `email`, `phone`, `status`, `created_at`, `updated_at`, `updated_by`, `tenant_id`) VALUES ('13','赵爽','$2b$10$zhxlyXxeDKQ/mfrQ4FlvjOyqL03Vur3fWzkYNCN12tESfKUMIhsm2','赵爽',NULL,NULL,'18900912140','active','2026-01-09 09:51:40',NULL,NULL,'2');
INSERT IGNORE INTO `users` (`id`, `username`, `password`, `real_name`, `department_code`, `email`, `phone`, `status`, `created_at`, `updated_at`, `updated_by`, `tenant_id`) VALUES ('14','付瑶','$2b$10$SivBCAxndSKa8raXsHRVzuoMTRVIjoUfg.tEWRwyDhuGDkajNuUqi','付瑶',NULL,NULL,'18900912071','active','2026-01-09 09:51:40',NULL,NULL,'2');
INSERT IGNORE INTO `users` (`id`, `username`, `password`, `real_name`, `department_code`, `email`, `phone`, `status`, `created_at`, `updated_at`, `updated_by`, `tenant_id`) VALUES ('15','王驰','$2b$10$AHu1J7pOe7WaLEpjTsel0OI2mYlbmyrHg7hBuK6a37ydaQnpyz6bO','王驰',NULL,NULL,'18900916027','active','2026-01-09 09:51:40',NULL,NULL,'2');
INSERT IGNORE INTO `users` (`id`, `username`, `password`, `real_name`, `department_code`, `email`, `phone`, `status`, `created_at`, `updated_at`, `updated_by`, `tenant_id`) VALUES ('16','王美玲','$2b$10$Au5Ld65NKbSKc/qHLEQ/j.cxpDAGck7.XFnjA0Lq/0mAp9YBr9a.q','王美玲',NULL,NULL,'18900912276','active','2026-01-09 09:51:40',NULL,NULL,'2');
INSERT IGNORE INTO `users` (`id`, `username`, `password`, `real_name`, `department_code`, `email`, `phone`, `status`, `created_at`, `updated_at`, `updated_by`, `tenant_id`) VALUES ('17','朱晓明','$2b$10$bu3IVctBsJ4K0vrMHia5le/cLXmcNWIvwpomtgCLMyVAh2.c68WSm','朱晓明',NULL,NULL,'18900912082','active','2026-01-09 09:51:40',NULL,NULL,'2');
INSERT IGNORE INTO `users` (`id`, `username`, `password`, `real_name`, `department_code`, `email`, `phone`, `status`, `created_at`, `updated_at`, `updated_by`, `tenant_id`) VALUES ('18','黄弘','$2b$10$RoH9dtuQARfZQZx/qEqMIeuPii9jQ/Hf5ak4n.3LlUr3S8SloGDHi','黄弘',NULL,NULL,'18900912157','active','2026-01-09 09:51:40',NULL,NULL,'2');
INSERT IGNORE INTO `users` (`id`, `username`, `password`, `real_name`, `department_code`, `email`, `phone`, `status`, `created_at`, `updated_at`, `updated_by`, `tenant_id`) VALUES ('19','徐红艳','$2b$10$PzQtEf2NN4cHEp7DBw0oTOIWOCUXCEz5UrMcb2xdEcKVOFC3XkJLO','徐红艳',NULL,NULL,'18900913077','active','2026-01-09 09:51:40',NULL,NULL,'2');
INSERT IGNORE INTO `users` (`id`, `username`, `password`, `real_name`, `department_code`, `email`, `phone`, `status`, `created_at`, `updated_at`, `updated_by`, `tenant_id`) VALUES ('20','朱莉思','$2b$10$wnYd4D5uKxii7rlRQUfYuei/YCKvRy04mYyVKu/OfH1XxA9CiU7O6','朱莉思',NULL,NULL,'18900912159','active','2026-01-09 09:51:41',NULL,NULL,'2');
INSERT IGNORE INTO `users` (`id`, `username`, `password`, `real_name`, `department_code`, `email`, `phone`, `status`, `created_at`, `updated_at`, `updated_by`, `tenant_id`) VALUES ('21','高云','$2b$10$ro7QlYT9eFSeHA95nOqzjOVmLNlhCBrluiFyNlfVvS4N1Ya7bNjyG','高云',NULL,NULL,'18900912425','active','2026-01-09 09:51:41',NULL,NULL,'2');
INSERT IGNORE INTO `users` (`id`, `username`, `password`, `real_name`, `department_code`, `email`, `phone`, `status`, `created_at`, `updated_at`, `updated_by`, `tenant_id`) VALUES ('22','张惜妍','$2b$10$5f/FFIA/2iDA1QaMNm6HZuvbNIUJx67Rwtgwlvgn/Vz1DHos7VVOq','张惜妍',NULL,NULL,'18900913150','active','2026-01-09 09:51:41',NULL,NULL,'2');
INSERT IGNORE INTO `users` (`id`, `username`, `password`, `real_name`, `department_code`, `email`, `phone`, `status`, `created_at`, `updated_at`, `updated_by`, `tenant_id`) VALUES ('23','王丹秋','$2b$10$RKL3OEWPKTM6DGgMh88Uy.P0rtBNwk6tcFtcaWLcypi0zBFuJ0m06','王丹秋',NULL,NULL,'18900913082','active','2026-01-09 09:51:41',NULL,NULL,'2');
INSERT IGNORE INTO `users` (`id`, `username`, `password`, `real_name`, `department_code`, `email`, `phone`, `status`, `created_at`, `updated_at`, `updated_by`, `tenant_id`) VALUES ('24','何帅','$2b$10$rb1Bwpx3..yJgJKvU2d0ROGKLw6RQZz3SyPUsgf9oFPHTMp9d.glW','何帅',NULL,NULL,'18900913726','active','2026-01-09 09:51:41',NULL,NULL,'2');
INSERT IGNORE INTO `users` (`id`, `username`, `password`, `real_name`, `department_code`, `email`, `phone`, `status`, `created_at`, `updated_at`, `updated_by`, `tenant_id`) VALUES ('25','王丽','$2b$10$kgu8.3OOlvVKFvROCIM8AeaVDKVh60NO3JMSufW1XrYHC3y6oJPBW','王丽',NULL,NULL,'18900913001','active','2026-01-09 09:51:41',NULL,NULL,'2');
INSERT IGNORE INTO `users` (`id`, `username`, `password`, `real_name`, `department_code`, `email`, `phone`, `status`, `created_at`, `updated_at`, `updated_by`, `tenant_id`) VALUES ('26','张迎春','$2b$10$Kg1qV/vMmEIVDpBFLCwCqOumb9xZXHvBvi4j68JGjUzxH4/q5DAgu','张迎春',NULL,NULL,'18900913569','active','2026-01-09 09:51:41',NULL,NULL,'2');
INSERT IGNORE INTO `users` (`id`, `username`, `password`, `real_name`, `department_code`, `email`, `phone`, `status`, `created_at`, `updated_at`, `updated_by`, `tenant_id`) VALUES ('27','邹素云','$2b$10$KJvE2gpbje0ToXWlnXyKxu1Ff9n6ksoTrUjiZcaCFzrUyzs.mSPOC','邹素云',NULL,NULL,'18900912399','active','2026-01-09 09:51:41',NULL,NULL,'2');
INSERT IGNORE INTO `users` (`id`, `username`, `password`, `real_name`, `department_code`, `email`, `phone`, `status`, `created_at`, `updated_at`, `updated_by`, `tenant_id`) VALUES ('28','刘威','$2b$10$TX/1V142ceUkvWIksetw8ep9Rx.zPsKX79TB7KhQRDsB1YmCUZUdq','刘威',NULL,NULL,'18900912728','active','2026-01-09 09:51:42',NULL,NULL,'2');
INSERT IGNORE INTO `users` (`id`, `username`, `password`, `real_name`, `department_code`, `email`, `phone`, `status`, `created_at`, `updated_at`, `updated_by`, `tenant_id`) VALUES ('29','王晓桐','$2b$10$caJHT/f/lHfxCRVSbwrLwu1/BapQa/SMdz6YQ4BvQcGiCcTrxBl8K','王晓桐',NULL,NULL,'18900915815','active','2026-01-09 09:51:42',NULL,NULL,'2');
INSERT IGNORE INTO `users` (`id`, `username`, `password`, `real_name`, `department_code`, `email`, `phone`, `status`, `created_at`, `updated_at`, `updated_by`, `tenant_id`) VALUES ('30','冯秀琴','$2b$10$ZFVeLGTUGT5l.Y9iyXALiOMLgF49a2ilXwh4/h31LSkWYDSskwSES','冯秀琴',NULL,NULL,'18900912599','active','2026-01-09 09:51:42',NULL,NULL,'2');
INSERT IGNORE INTO `users` (`id`, `username`, `password`, `real_name`, `department_code`, `email`, `phone`, `status`, `created_at`, `updated_at`, `updated_by`, `tenant_id`) VALUES ('31','梁杰','$2b$10$nulmjcwBb3RCouFHbaU9X.rX/Lvty7iZ/DJDtJKuWJxEPhaZJlJLS','梁杰',NULL,NULL,'18900913233','active','2026-01-09 09:51:42',NULL,NULL,'2');
INSERT IGNORE INTO `users` (`id`, `username`, `password`, `real_name`, `department_code`, `email`, `phone`, `status`, `created_at`, `updated_at`, `updated_by`, `tenant_id`) VALUES ('32','王亮','$2b$10$aGpvhjgXWOMXHLmFdPXhAu2fEFtyAqUbawO/M4k9arpj5IKWsls0a','王亮',NULL,NULL,'18900916336','active','2026-01-09 09:51:42',NULL,NULL,'2');
INSERT IGNORE INTO `users` (`id`, `username`, `password`, `real_name`, `department_code`, `email`, `phone`, `status`, `created_at`, `updated_at`, `updated_by`, `tenant_id`) VALUES ('33','王雪飞','$2b$10$B1aZlNRbqov3DWWHGicYl.Feg9Tu9JhLkLKeeip7SjtBeoTkhLR7i','王雪飞',NULL,NULL,'18900913198','active','2026-01-09 09:51:42',NULL,NULL,'2');
INSERT IGNORE INTO `users` (`id`, `username`, `password`, `real_name`, `department_code`, `email`, `phone`, `status`, `created_at`, `updated_at`, `updated_by`, `tenant_id`) VALUES ('34','张敏','$2b$10$JYsN.iNFBXRk4ol4AFJ2Z.w/tbBsm.Phi3sPqIyau9ifMtepMZ1gm','张敏',NULL,NULL,'18900913226','active','2026-01-09 09:51:42',NULL,NULL,'2');
INSERT IGNORE INTO `users` (`id`, `username`, `password`, `real_name`, `department_code`, `email`, `phone`, `status`, `created_at`, `updated_at`, `updated_by`, `tenant_id`) VALUES ('35','李月','$2b$10$k0Rp3HBhB1Ww4liFdGWeDOGHeM5FYpHYmPRQkxTwHqdcmyEc/kSgq','李月',NULL,NULL,'18900913146','active','2026-01-09 09:51:43',NULL,NULL,'2');
INSERT IGNORE INTO `users` (`id`, `username`, `password`, `real_name`, `department_code`, `email`, `phone`, `status`, `created_at`, `updated_at`, `updated_by`, `tenant_id`) VALUES ('36','王琳琳','$2b$10$r5AHCDuf9IT1gtcnB9ZliuDwOyTc0uzYiPBFLV0zTJoUMJlUJXngO','王琳琳',NULL,NULL,'18900912368','active','2026-01-09 09:51:43',NULL,NULL,'2');
INSERT IGNORE INTO `users` (`id`, `username`, `password`, `real_name`, `department_code`, `email`, `phone`, `status`, `created_at`, `updated_at`, `updated_by`, `tenant_id`) VALUES ('37','李奕诺','$2b$10$iE8ZFcJOgje0AJeadm3OeeBdC9V8Cpw7PRlhFBAhl48UIryC6A6ou','李奕诺',NULL,NULL,'18900915811','active','2026-01-09 09:51:43',NULL,NULL,'2');
INSERT IGNORE INTO `users` (`id`, `username`, `password`, `real_name`, `department_code`, `email`, `phone`, `status`, `created_at`, `updated_at`, `updated_by`, `tenant_id`) VALUES ('38','于淼','$2b$10$cInVSTGeCSgFUedchG85l.6uQO1v9fZtseSuw.lga5xDJGR7dt/oO','于淼',NULL,NULL,'18900913185','active','2026-01-09 09:51:43',NULL,NULL,'2');
INSERT IGNORE INTO `users` (`id`, `username`, `password`, `real_name`, `department_code`, `email`, `phone`, `status`, `created_at`, `updated_at`, `updated_by`, `tenant_id`) VALUES ('39','李晓瑛','$2b$10$p1lQvVMXhKyc4pujSChHKeRtTJaoogwxGxj.6S0NCmKGsPWhYCd96','李晓瑛',NULL,NULL,'18900913368','active','2026-01-09 09:51:43',NULL,NULL,'2');
INSERT IGNORE INTO `users` (`id`, `username`, `password`, `real_name`, `department_code`, `email`, `phone`, `status`, `created_at`, `updated_at`, `updated_by`, `tenant_id`) VALUES ('40','张晓丹','$2b$10$Faaz7g7ImLH.hn299FQt2OfJ7.rZPwEeM9JrYKlWkL3pWB/DpuQbq','张晓丹',NULL,NULL,'18900913570','active','2026-01-09 09:51:43',NULL,NULL,'2');
INSERT IGNORE INTO `users` (`id`, `username`, `password`, `real_name`, `department_code`, `email`, `phone`, `status`, `created_at`, `updated_at`, `updated_by`, `tenant_id`) VALUES ('41','刘欣','$2b$10$Gw1rUacgkQESCrXDyglgMuvBb4wXZpGjDEHZDFOc0iYIXReTLP.BW','刘欣',NULL,NULL,'18900913393','active','2026-01-09 09:51:43',NULL,NULL,'2');
INSERT IGNORE INTO `users` (`id`, `username`, `password`, `real_name`, `department_code`, `email`, `phone`, `status`, `created_at`, `updated_at`, `updated_by`, `tenant_id`) VALUES ('42','李艳','$2b$10$ihhAbMJFmIS60fOQRrC0oeqwEPwqa6fDiL1YHunKMbhmlmqS0LCTy','李艳',NULL,NULL,'18900913311','active','2026-01-09 09:51:44',NULL,NULL,'2');
INSERT IGNORE INTO `users` (`id`, `username`, `password`, `real_name`, `department_code`, `email`, `phone`, `status`, `created_at`, `updated_at`, `updated_by`, `tenant_id`) VALUES ('43','宋彦杰','$2b$10$FEAOGIoC6La9/rfOi/I9hufQDNU6GkEBXL7r2yGGPK4QoyIbG8XEK','宋彦杰',NULL,NULL,'18900912319','active','2026-01-09 09:51:44',NULL,NULL,'2');
INSERT IGNORE INTO `users` (`id`, `username`, `password`, `real_name`, `department_code`, `email`, `phone`, `status`, `created_at`, `updated_at`, `updated_by`, `tenant_id`) VALUES ('44','刘大伟','$2b$10$5VJPWTvvzhq5gdOAUs/6mO4r57oos9B7hKjZiHD8Cuwmj9GTba0oa','刘大伟',NULL,NULL,'18900913007','active','2026-01-09 09:51:44',NULL,NULL,'2');
INSERT IGNORE INTO `users` (`id`, `username`, `password`, `real_name`, `department_code`, `email`, `phone`, `status`, `created_at`, `updated_at`, `updated_by`, `tenant_id`) VALUES ('45','史铭宇','$2b$10$KgLdhBJM8N.LxxhFzwV1YepV4LEAexLdhxyy6RNoGnVyq75oJaaxa','史铭宇',NULL,NULL,'18900913663','active','2026-01-09 09:51:44',NULL,NULL,'2');
INSERT IGNORE INTO `users` (`id`, `username`, `password`, `real_name`, `department_code`, `email`, `phone`, `status`, `created_at`, `updated_at`, `updated_by`, `tenant_id`) VALUES ('46','王秀贤','$2b$10$BxD815EufHboFVxhVMqMN.HAypMHWjbllhjQr/r65Gqz.HdDr/aku','王秀贤',NULL,NULL,'18940035567','active','2026-01-09 09:51:44',NULL,NULL,'2');
INSERT IGNORE INTO `users` (`id`, `username`, `password`, `real_name`, `department_code`, `email`, `phone`, `status`, `created_at`, `updated_at`, `updated_by`, `tenant_id`) VALUES ('47','安晶','$2b$10$Y/tKczqvGeboLI/62DGi2OCHEidqaiC9C9jZwkE6zkCOU6AwryTj6','安晶',NULL,NULL,'18040051088','active','2026-01-09 09:51:44',NULL,NULL,'2');
INSERT IGNORE INTO `users` (`id`, `username`, `password`, `real_name`, `department_code`, `email`, `phone`, `status`, `created_at`, `updated_at`, `updated_by`, `tenant_id`) VALUES ('48','王诗宇','$2b$10$YVvob5W201IOV/OY8TiQgOYISlSikWqcjaosCGvu2.JH4Bwafytxy','王诗宇',NULL,NULL,'18900912056','active','2026-01-09 09:51:44',NULL,NULL,'2');
INSERT IGNORE INTO `users` (`id`, `username`, `password`, `real_name`, `department_code`, `email`, `phone`, `status`, `created_at`, `updated_at`, `updated_by`, `tenant_id`) VALUES ('49','付明媚','$2b$10$KzA5zfypAB.fsjJ1NS3qzOrzLCjxj7Ce5XmCl706VLfMcrADjf6Em','付明媚',NULL,NULL,'18900913144','active','2026-01-09 09:51:45',NULL,NULL,'2');
INSERT IGNORE INTO `users` (`id`, `username`, `password`, `real_name`, `department_code`, `email`, `phone`, `status`, `created_at`, `updated_at`, `updated_by`, `tenant_id`) VALUES ('50','刘莉','$2b$10$BBeB0Pa848REdYdVnTJPROVCEGrj91rL28Dvkk1e9I/Ss/9X3suBe','刘莉',NULL,NULL,'18900912653','active','2026-01-09 09:51:45',NULL,NULL,'2');
INSERT IGNORE INTO `users` (`id`, `username`, `password`, `real_name`, `department_code`, `email`, `phone`, `status`, `created_at`, `updated_at`, `updated_by`, `tenant_id`) VALUES ('51','刘哲','$2b$10$2p0PAiB7ueNtXgjcSWWeceAqRt6us/REdTV9E4mgWMfPw4zVrmHoW','刘哲',NULL,NULL,'18900912963','active','2026-01-09 09:51:45',NULL,NULL,'2');
INSERT IGNORE INTO `users` (`id`, `username`, `password`, `real_name`, `department_code`, `email`, `phone`, `status`, `created_at`, `updated_at`, `updated_by`, `tenant_id`) VALUES ('52','刘微','$2b$10$sb0uVmAFzu.s0prOOksLSO0YpwzkEftrcgNCghnT/Q1mF36r.Baz.','刘微',NULL,NULL,'18900916102','active','2026-01-09 09:51:45',NULL,NULL,'2');
INSERT IGNORE INTO `users` (`id`, `username`, `password`, `real_name`, `department_code`, `email`, `phone`, `status`, `created_at`, `updated_at`, `updated_by`, `tenant_id`) VALUES ('53','刘丽红','$2b$10$YqLoopD9Ti2swqAswFNOnejgbilRIk0P7HEd5R4TcshtSWUu8v5BK','刘丽红',NULL,NULL,'18900913839','active','2026-01-09 09:51:45',NULL,NULL,'2');
INSERT IGNORE INTO `users` (`id`, `username`, `password`, `real_name`, `department_code`, `email`, `phone`, `status`, `created_at`, `updated_at`, `updated_by`, `tenant_id`) VALUES ('54','姚佳','$2b$10$lJgjkhkMBSwWEMysHBjx5.OXhl4mVg52SG8qGaZJdl57kDba4/epC','姚佳',NULL,NULL,'18900912891','active','2026-01-09 09:51:45',NULL,NULL,'2');
INSERT IGNORE INTO `users` (`id`, `username`, `password`, `real_name`, `department_code`, `email`, `phone`, `status`, `created_at`, `updated_at`, `updated_by`, `tenant_id`) VALUES ('55','张晓君','$2b$10$r4n7KGE5RkPILVWgrCGFcuDOK4dHLxe0F44MTg6C1JUJna60TRgva','张晓君',NULL,NULL,'18900913060','active','2026-01-09 09:51:45',NULL,NULL,'2');
INSERT IGNORE INTO `users` (`id`, `username`, `password`, `real_name`, `department_code`, `email`, `phone`, `status`, `created_at`, `updated_at`, `updated_by`, `tenant_id`) VALUES ('56','于涛','$2b$10$Cy3liSZc2M2jcOsKIZ9WN.fJs9iTk18e/c47zJxF8q5Jbx3TPc8F2','于涛',NULL,NULL,'18900912976','active','2026-01-09 09:51:45',NULL,NULL,'2');
INSERT IGNORE INTO `users` (`id`, `username`, `password`, `real_name`, `department_code`, `email`, `phone`, `status`, `created_at`, `updated_at`, `updated_by`, `tenant_id`) VALUES ('57','张毅','$2b$10$dHco7OOY5lTRyOqU98KfbuO63Xls8u5i2rf7DMLsqcCPzQUFw4CWS','张毅',NULL,NULL,'18900913183','active','2026-01-09 09:51:46',NULL,NULL,'2');
INSERT IGNORE INTO `users` (`id`, `username`, `password`, `real_name`, `department_code`, `email`, `phone`, `status`, `created_at`, `updated_at`, `updated_by`, `tenant_id`) VALUES ('58','李悦','$2b$10$J7SN3MEyIGEjkTvQKE3Sje70zCdKG6SwzxOHIZzNn823LM5csqp4G','李悦',NULL,NULL,'18900913104','active','2026-01-09 09:51:46',NULL,NULL,'2');
INSERT IGNORE INTO `users` (`id`, `username`, `password`, `real_name`, `department_code`, `email`, `phone`, `status`, `created_at`, `updated_at`, `updated_by`, `tenant_id`) VALUES ('59','李艾彤','$2b$10$GsjWm1BgCw/2AiHNwhbO7uJzkLjnxYY3gT58cQuTHCEBkJ1MRU9Ze','李艾彤',NULL,NULL,'18900912259','active','2026-01-09 09:51:46',NULL,NULL,'2');
INSERT IGNORE INTO `users` (`id`, `username`, `password`, `real_name`, `department_code`, `email`, `phone`, `status`, `created_at`, `updated_at`, `updated_by`, `tenant_id`) VALUES ('60','时明霞','$2b$10$TpP/OwkuZIe/XhHtu3Q1DugX87ahLJeDdza1u/VOSW.8ax4MuMKEy','时明霞',NULL,NULL,'18900912691','active','2026-01-09 09:51:46',NULL,NULL,'2');
INSERT IGNORE INTO `users` (`id`, `username`, `password`, `real_name`, `department_code`, `email`, `phone`, `status`, `created_at`, `updated_at`, `updated_by`, `tenant_id`) VALUES ('61','孙诗琪','$2b$10$mf3hnda1QmsPtME2RrGq7uOwhHk9nLRZKCDSmpHuGOLqVfvL1UbDq','孙诗琪',NULL,NULL,'18900916254','active','2026-01-09 09:51:46',NULL,NULL,'2');
INSERT IGNORE INTO `users` (`id`, `username`, `password`, `real_name`, `department_code`, `email`, `phone`, `status`, `created_at`, `updated_at`, `updated_by`, `tenant_id`) VALUES ('62','王艺潼','$2b$10$T5y8QoeFliq.W51.II/WNu3l/9NdEKERAs4aqbyfyPHY9qhbTOYfq','王艺潼',NULL,NULL,'18900912032','active','2026-01-09 09:51:46',NULL,NULL,'2');
INSERT IGNORE INTO `users` (`id`, `username`, `password`, `real_name`, `department_code`, `email`, `phone`, `status`, `created_at`, `updated_at`, `updated_by`, `tenant_id`) VALUES ('63','孙晓琳','$2b$10$hEBmlz2UwEaNRIArVDgb3u5WA5uucHa7Ysha4TGyIFiyqcW4VTgUi','孙晓琳',NULL,NULL,'18900913605','active','2026-01-09 09:51:46',NULL,NULL,'2');
INSERT IGNORE INTO `users` (`id`, `username`, `password`, `real_name`, `department_code`, `email`, `phone`, `status`, `created_at`, `updated_at`, `updated_by`, `tenant_id`) VALUES ('64','董莹','$2b$10$ZpEpp.Swd.QhPma80kxyW.yYnhmJvoY.rHUSrXAKWghXg7mfc.FG6','董莹',NULL,NULL,'18900912212','active','2026-01-09 09:52:31',NULL,NULL,'2');
INSERT IGNORE INTO `users` (`id`, `username`, `password`, `real_name`, `department_code`, `email`, `phone`, `status`, `created_at`, `updated_at`, `updated_by`, `tenant_id`) VALUES ('65','安波','$2b$10$Mj4g1dmr1kkPaXLOJ12VIuQEhel1kfuOlS.nVNL9qGJCzQmIGzlZ2','安波',NULL,NULL,'18900913002','active','2026-01-09 09:52:32',NULL,NULL,'2');
INSERT IGNORE INTO `users` (`id`, `username`, `password`, `real_name`, `department_code`, `email`, `phone`, `status`, `created_at`, `updated_at`, `updated_by`, `tenant_id`) VALUES ('66','李冰蕊','$2b$10$yjr74ymf0e8IKjeKDaI2kuhsXKUGVzCAYjy/t8Ty0s4J/76wZCyBy','李冰蕊',NULL,NULL,'18900913700','active','2026-01-09 09:52:32','2026-01-27 22:07:00','系统管理员（admin）','2');
INSERT IGNORE INTO `users` (`id`, `username`, `password`, `real_name`, `department_code`, `email`, `phone`, `status`, `created_at`, `updated_at`, `updated_by`, `tenant_id`) VALUES ('67','康冬雪','$2b$10$0S/o0MliV5AV5.vlryu./ueDgpPcQ6NZs.pVhtPkhasb/RAmLMZoS','康冬雪',NULL,NULL,'18900913698','active','2026-01-09 09:52:33',NULL,NULL,'2');
INSERT IGNORE INTO `users` (`id`, `username`, `password`, `real_name`, `department_code`, `email`, `phone`, `status`, `created_at`, `updated_at`, `updated_by`, `tenant_id`) VALUES ('131','于胜淼','$2b$10$iAXgMYIILkygmXFnECWfp.xon9QH.zYioCmSIPYSOBZLH2MUIANH2','于胜淼',NULL,NULL,'18900915969','active','2026-01-09 10:42:27',NULL,NULL,'2');
INSERT IGNORE INTO `users` (`id`, `username`, `password`, `real_name`, `department_code`, `email`, `phone`, `status`, `created_at`, `updated_at`, `updated_by`, `tenant_id`) VALUES ('132','张爱君','$2b$10$zCO1AxSUmt2PiwH/RF7GCO/IV9XFC7v3XqoYsnFYsIj1iAcTXeW2e','张爱君',NULL,NULL,'18900913693','active','2026-01-09 10:42:27',NULL,NULL,'2');
INSERT IGNORE INTO `users` (`id`, `username`, `password`, `real_name`, `department_code`, `email`, `phone`, `status`, `created_at`, `updated_at`, `updated_by`, `tenant_id`) VALUES ('133','王玉丹','$2b$10$bXBAgwB7SKMUkQBGNK9TtOZJWWzk3f04O5aM6Xamu5ClKym4LTyCO','王玉丹',NULL,NULL,'18900912256','active','2026-01-09 10:42:27',NULL,NULL,'2');
INSERT IGNORE INTO `users` (`id`, `username`, `password`, `real_name`, `department_code`, `email`, `phone`, `status`, `created_at`, `updated_at`, `updated_by`, `tenant_id`) VALUES ('134','张洋','$2b$10$5j3RqGlV8SfMF3nOnEvObuFp9JNlu8pyLXL9lqzZVW5PNTQyPBPka','张洋',NULL,NULL,'18900913023','active','2026-01-09 10:42:27',NULL,NULL,'2');
INSERT IGNORE INTO `users` (`id`, `username`, `password`, `real_name`, `department_code`, `email`, `phone`, `status`, `created_at`, `updated_at`, `updated_by`, `tenant_id`) VALUES ('136','胡静','$2b$10$e9Fh6wO2CP3nDGwXNqqlTewyTVyttQQfa4NN/SZokqIvANk7hI0.y','胡静',NULL,NULL,'18900913565','active','2026-01-09 10:42:28',NULL,NULL,'2');
INSERT IGNORE INTO `users` (`id`, `username`, `password`, `real_name`, `department_code`, `email`, `phone`, `status`, `created_at`, `updated_at`, `updated_by`, `tenant_id`) VALUES ('137','衡秀程','$2b$10$SJmGKcoby5pjP0TgQOBkYeGPXZR.16UEipWO1ghOLxzZvr.fj5Feq','衡秀程',NULL,NULL,'18900913711','active','2026-01-09 10:42:28',NULL,NULL,'2');
INSERT IGNORE INTO `users` (`id`, `username`, `password`, `real_name`, `department_code`, `email`, `phone`, `status`, `created_at`, `updated_at`, `updated_by`, `tenant_id`) VALUES ('138','梁冬梅','$2b$10$NYX/jLWRx8qPvQLi6dGFd.gDOXdsOrkDAfAtQ5GLA/qPF4q2u1SZa','梁冬梅',NULL,NULL,'18900912086','active','2026-01-09 10:42:28',NULL,NULL,'2');
INSERT IGNORE INTO `users` (`id`, `username`, `password`, `real_name`, `department_code`, `email`, `phone`, `status`, `created_at`, `updated_at`, `updated_by`, `tenant_id`) VALUES ('139','未丽','$2b$10$hzx0GpQKyN.uj4qNEEwz/uPUW70iJZo1i/J0yK5qFaM2Lom1vYScK','未丽',NULL,NULL,'18900913368','active','2026-01-09 10:44:03',NULL,NULL,'2');
INSERT IGNORE INTO `users` (`id`, `username`, `password`, `real_name`, `department_code`, `email`, `phone`, `status`, `created_at`, `updated_at`, `updated_by`, `tenant_id`) VALUES ('140','付静','$2b$10$.hl5SLl5RlmvOYFVZlL9wOTIUnFYMED3cvvNJZI7S5houbY3ooGUq','付静',NULL,NULL,'18900912056','active','2026-01-09 10:44:04',NULL,NULL,'2');
INSERT IGNORE INTO `users` (`id`, `username`, `password`, `real_name`, `department_code`, `email`, `phone`, `status`, `created_at`, `updated_at`, `updated_by`, `tenant_id`) VALUES ('141','关冬梅','$2b$10$pIYzJ67wK/YvkCKyP3PejOih8udKP4ASc1No21b2nHfZE9w07R2zC','关冬梅',NULL,NULL,'18900913839','active','2026-01-09 10:44:05',NULL,NULL,'2');
INSERT IGNORE INTO `users` (`id`, `username`, `password`, `real_name`, `department_code`, `email`, `phone`, `status`, `created_at`, `updated_at`, `updated_by`, `tenant_id`) VALUES ('142','李嵚','$2b$10$FLajHRV1Q0.yY5GXnlwpUORLB1qNJPyOYGc9jEnURCvTRFW0rjIIG','李嵚',NULL,NULL,'18900916689','active','2026-01-09 10:44:05',NULL,NULL,'2');
INSERT IGNORE INTO `users` (`id`, `username`, `password`, `real_name`, `department_code`, `email`, `phone`, `status`, `created_at`, `updated_at`, `updated_by`, `tenant_id`) VALUES ('143','贾中文','$2b$10$M7vfSFkd7uf0NMgyst95aOMmHr0wJQUzPG2Cge6Dyp1tMM4SUV17i','贾中文',NULL,NULL,'18900912832','active','2026-01-09 10:44:06','2026-01-09 10:48:48','系统管理员','2');
INSERT IGNORE INTO `users` (`id`, `username`, `password`, `real_name`, `department_code`, `email`, `phone`, `status`, `created_at`, `updated_at`, `updated_by`, `tenant_id`) VALUES ('144','黎秋菊','$2b$10$hzle5VDoJzEzM9liyRuMmuaS/SuLLLn3OZYkru8U9BU2rDd5neDFi','黎秋菊',NULL,NULL,'18900912830','active','2026-01-09 10:44:06','2026-01-09 10:50:03','系统管理员','2');
INSERT IGNORE INTO `users` (`id`, `username`, `password`, `real_name`, `department_code`, `email`, `phone`, `status`, `created_at`, `updated_at`, `updated_by`, `tenant_id`) VALUES ('145','洪晓雪','$2b$10$HlrPs9VG42P5fUshjpXCwusYy4xvvXW50m63DhjM1.gCGfCdHRRTK','洪晓雪',NULL,NULL,'18900915830','active','2026-01-09 10:44:06',NULL,NULL,'2');
INSERT IGNORE INTO `users` (`id`, `username`, `password`, `real_name`, `department_code`, `email`, `phone`, `status`, `created_at`, `updated_at`, `updated_by`, `tenant_id`) VALUES ('146','王靖','$2b$10$SLch.ttCtqwuz79vp1IReOr51kqw7OIaDQCaFTIdNcqdSNdvb7BXu','王靖',NULL,NULL,'18900913678','active','2026-01-09 10:44:06',NULL,NULL,'2');
INSERT IGNORE INTO `users` (`id`, `username`, `password`, `real_name`, `department_code`, `email`, `phone`, `status`, `created_at`, `updated_at`, `updated_by`, `tenant_id`) VALUES ('148','王艺锦','$2b$10$VRdu5nxPxnj87EzCTocWMulLTKyo7y5Arrfutb6wuWveXhkSDiWc2','王艺锦',NULL,NULL,'18900915969','active','2026-01-09 10:44:07',NULL,NULL,'2');
INSERT IGNORE INTO `users` (`id`, `username`, `password`, `real_name`, `department_code`, `email`, `phone`, `status`, `created_at`, `updated_at`, `updated_by`, `tenant_id`) VALUES ('149','赵莹莹','$2b$10$FkJuYYYAKS8dt6HEY1kJj.7Vl0UKZAXroySkqwqGJhncDpPB/omcm','赵莹莹',NULL,NULL,'18900915969','active','2026-01-09 10:44:07',NULL,NULL,'2');
INSERT IGNORE INTO `users` (`id`, `username`, `password`, `real_name`, `department_code`, `email`, `phone`, `status`, `created_at`, `updated_at`, `updated_by`, `tenant_id`) VALUES ('155','曹红梅','$2b$10$7FWzhlrdHBjTBmUmXMPvjOSjOWmwrKAk0t.1fA97pUWRpc9jbQRpC','曹红梅',NULL,NULL,'18900913708','active','2026-01-09 10:44:08',NULL,NULL,'2');
INSERT IGNORE INTO `users` (`id`, `username`, `password`, `real_name`, `department_code`, `email`, `phone`, `status`, `created_at`, `updated_at`, `updated_by`, `tenant_id`) VALUES ('157','杨丽','$2b$10$zCvmWsijhMzRvE7MfDE34.UVjz/hxsf1zwmhLAMesNqpDUz9AF5u2','杨丽',NULL,NULL,'18900912112','active','2026-01-09 10:44:08',NULL,NULL,'2');
INSERT IGNORE INTO `users` (`id`, `username`, `password`, `real_name`, `department_code`, `email`, `phone`, `status`, `created_at`, `updated_at`, `updated_by`, `tenant_id`) VALUES ('158','admin2','$2b$10$BIZOgMVnAsaUsgd1gnT8D.XSUCw4vZLM452RzKGjojszzCUuTAmUy','测试管理员',NULL,NULL,NULL,'active','2026-01-13 01:37:27','2026-01-16 00:37:30','超级管理员','2');
INSERT IGNORE INTO `users` (`id`, `username`, `password`, `real_name`, `department_code`, `email`, `phone`, `status`, `created_at`, `updated_at`, `updated_by`, `tenant_id`) VALUES ('160','test_create_tenant','$2b$10$.hgJOKQRRP52PdfIeL2kmuxpe4RRUkhXw.CgjwI/rhsJUpnJQtcoK','测试创建企业',NULL,'test@example.com','13800138000','active','2026-01-16 15:36:04',NULL,NULL,'2');
INSERT IGNORE INTO `users` (`id`, `username`, `password`, `real_name`, `department_code`, `email`, `phone`, `status`, `created_at`, `updated_at`, `updated_by`, `tenant_id`) VALUES ('161','leon1','$2b$10$ifSphBNxzASX46NBQ3y1geWmlNjh2IrD/ZV0wgfIZiX6hH/jXFEwK','ceshi',NULL,NULL,NULL,'active','2026-01-16 15:39:11',NULL,NULL,'2');
INSERT IGNORE INTO `users` (`id`, `username`, `password`, `real_name`, `department_code`, `email`, `phone`, `status`, `created_at`, `updated_at`, `updated_by`, `tenant_id`) VALUES ('169','test_join_tenant','$2b$10$SU.u6FYA9iwDYyb67LtnOuF7Tqu3QZ3L0/pv4n.eMypbf8VxG3N.m','测试加入企业',NULL,'test_join@example.com','13900139000','active','2026-01-16 15:45:01','2026-01-16 15:45:49',NULL,'2');
INSERT IGNORE INTO `users` (`id`, `username`, `password`, `real_name`, `department_code`, `email`, `phone`, `status`, `created_at`, `updated_at`, `updated_by`, `tenant_id`) VALUES ('172','test_user','$2b$10$/Vo/gz5H94m/0vi/5FSj7O47.yweoYt8Y.3imweMlUaAjJIFaKKNS','普通用户',NULL,NULL,NULL,'active','2026-01-16 16:10:19',NULL,NULL,'2');
INSERT IGNORE INTO `users` (`id`, `username`, `password`, `real_name`, `department_code`, `email`, `phone`, `status`, `created_at`, `updated_at`, `updated_by`, `tenant_id`) VALUES ('173','leon2','$2b$10$uXdYhDz5OvdGKcPsNqRL4eRL60CGEPft9Gs7ohqoq0Kx43yl.Cacu','测试管理员',NULL,NULL,NULL,'active','2026-01-18 13:35:14','2026-01-26 14:07:44',NULL,'2');
INSERT IGNORE INTO `users` (`id`, `username`, `password`, `real_name`, `department_code`, `email`, `phone`, `status`, `created_at`, `updated_at`, `updated_by`, `tenant_id`) VALUES ('174','leon3','$2b$10$oqw3IWB18jO2MzZYQv1EBefWzhUrkTp66m5cxXpCcV7MOz2KyFl5W','测试管理员3',NULL,NULL,NULL,'active','2026-01-18 14:01:11','2026-01-20 16:05:01','超级管理员','2');
INSERT IGNORE INTO `users` (`id`, `username`, `password`, `real_name`, `department_code`, `email`, `phone`, `status`, `created_at`, `updated_at`, `updated_by`, `tenant_id`) VALUES ('175','testuser','$2b$10$AIqzketd7pMwf.7WhY/ASO2hTRFbfwqrIpINdOqsnzsF3OuZx1SoG','测试用户',NULL,NULL,NULL,'active','2026-01-21 11:53:50','2026-01-27 12:24:02',NULL,NULL);
INSERT IGNORE INTO `users` (`id`, `username`, `password`, `real_name`, `department_code`, `email`, `phone`, `status`, `created_at`, `updated_at`, `updated_by`, `tenant_id`) VALUES ('176','leon6','$2b$10$944cHE.5pD3oONu7TedcG.xmFesKyQcR0CLX5eGQzvPSq7P7Ur62O','test',NULL,NULL,NULL,'active','2026-01-21 14:28:22','2026-01-27 22:48:12','系统管理员（admin）',NULL);
INSERT IGNORE INTO `users` (`id`, `username`, `password`, `real_name`, `department_code`, `email`, `phone`, `status`, `created_at`, `updated_at`, `updated_by`, `tenant_id`) VALUES ('178','system','$2b$10$sdl9v/WbkNmzglOoF/keJez2FeOCyycReE6dW881dex0xKM9UJNj.','系统管理员测试账号',NULL,NULL,NULL,'active','2026-02-03 16:48:29',NULL,NULL,NULL);
INSERT IGNORE INTO `users` (`id`, `username`, `password`, `real_name`, `department_code`, `email`, `phone`, `status`, `created_at`, `updated_at`, `updated_by`, `tenant_id`) VALUES ('179','system_admin','$2b$10$kDPTxXeMajokXKlnLstOUuEXQJQD06/8lhtSGjiWyuQa4tJwk9Tvi','系统管理员测试账户',NULL,NULL,NULL,'active','2026-02-06 15:41:45','2026-04-29 20:05:21',NULL,NULL);
INSERT IGNORE INTO `users` (`id`, `username`, `password`, `real_name`, `department_code`, `email`, `phone`, `status`, `created_at`, `updated_at`, `updated_by`, `tenant_id`) VALUES ('180','asset_admin','$2b$10$kDPTxXeMajokXKlnLstOUuEXQJQD06/8lhtSGjiWyuQa4tJwk9Tvi','资产管理员测试账户',NULL,NULL,NULL,'active','2026-02-06 15:41:45','2026-04-29 20:05:21',NULL,NULL);
INSERT IGNORE INTO `users` (`id`, `username`, `password`, `real_name`, `department_code`, `email`, `phone`, `status`, `created_at`, `updated_at`, `updated_by`, `tenant_id`) VALUES ('181','regular_user','$2b$10$kDPTxXeMajokXKlnLstOUuEXQJQD06/8lhtSGjiWyuQa4tJwk9Tvi','普通用户测试账户',NULL,NULL,NULL,'active','2026-02-06 15:41:45','2026-04-29 20:05:21',NULL,NULL);
INSERT IGNORE INTO `users` (`id`, `username`, `password`, `real_name`, `department_code`, `email`, `phone`, `status`, `created_at`, `updated_at`, `updated_by`, `tenant_id`) VALUES ('182','test_user_001','$2b$10$JU/KURNL1Qh.xwz2oRIFROp8rDJjU.PZ8rnWtfk3j9H2DqAg2QjpK','测试用户001',NULL,NULL,NULL,'active','2026-02-17 14:48:48',NULL,NULL,NULL);
INSERT IGNORE INTO `users` (`id`, `username`, `password`, `real_name`, `department_code`, `email`, `phone`, `status`, `created_at`, `updated_at`, `updated_by`, `tenant_id`) VALUES ('183','test_1771311100','$2b$10$V1zTriSD3I7u.uwi7sZnKe4j8QhZAVD0O5/JzS0Y1o6fZ2kMoGkYm','测试用户',NULL,NULL,NULL,'active','2026-02-17 14:51:41',NULL,NULL,NULL);
INSERT IGNORE INTO `users` (`id`, `username`, `password`, `real_name`, `department_code`, `email`, `phone`, `status`, `created_at`, `updated_at`, `updated_by`, `tenant_id`) VALUES ('184','test_1771311110','$2b$10$y/I8MwuuKrFKPjkbED1OB.ysfYYMGREc5jYxKKoPjKoBUvEV.ybYu','测试用户',NULL,NULL,NULL,'active','2026-02-17 14:51:50',NULL,NULL,NULL);
INSERT IGNORE INTO `users` (`id`, `username`, `password`, `real_name`, `department_code`, `email`, `phone`, `status`, `created_at`, `updated_at`, `updated_by`, `tenant_id`) VALUES ('185','test_user_1771311181','$2b$10$0isjn6DbrsjRl6ZFTLm/c.YloclbVouVawr1AEhcUI5lG0L9KkHt.','测试用户',NULL,NULL,NULL,'active','2026-02-17 14:53:02',NULL,NULL,NULL);
INSERT IGNORE INTO `users` (`id`, `username`, `password`, `real_name`, `department_code`, `email`, `phone`, `status`, `created_at`, `updated_at`, `updated_by`, `tenant_id`) VALUES ('186','test_1771311218','$2b$10$YvoWcmWV4jDhRbZxOgTCGO3HnHrOcQulXX5upCFmW0M6wCQHYT.gS','测试用户',NULL,NULL,NULL,'active','2026-02-17 14:53:40',NULL,NULL,NULL);
INSERT IGNORE INTO `users` (`id`, `username`, `password`, `real_name`, `department_code`, `email`, `phone`, `status`, `created_at`, `updated_at`, `updated_by`, `tenant_id`) VALUES ('187','bug_test_1771311377','$2b$10$lhS1oMlsWfdQVEgqKpDsOu/Bg8/fRnCk0a1TInUeIU3E.GwRXryQ2','Bug测试用户',NULL,NULL,NULL,'active','2026-02-17 14:56:17',NULL,NULL,NULL);
INSERT IGNORE INTO `users` (`id`, `username`, `password`, `real_name`, `department_code`, `email`, `phone`, `status`, `created_at`, `updated_at`, `updated_by`, `tenant_id`) VALUES ('188','user_1771311737','$2b$10$z0tOaES/1/KEwDfZKtPof.wrqZ4Ox.BVH1ToAlsiYEK0A6Lux/tZm','测试用户',NULL,NULL,NULL,'active','2026-02-17 15:02:19',NULL,NULL,NULL);
INSERT IGNORE INTO `users` (`id`, `username`, `password`, `real_name`, `department_code`, `email`, `phone`, `status`, `created_at`, `updated_at`, `updated_by`, `tenant_id`) VALUES ('189','test_user_1771311979','$2b$10$dTMPuVqXZPncq0PMuJMpa.uQs.ElTEb4uwE8GWW8zrnaGgmc6sPTW','测试普通用户',NULL,NULL,NULL,'active','2026-02-17 15:06:20',NULL,NULL,NULL);
INSERT IGNORE INTO `users` (`id`, `username`, `password`, `real_name`, `department_code`, `email`, `phone`, `status`, `created_at`, `updated_at`, `updated_by`, `tenant_id`) VALUES ('190','ms_e2e_1772195113709','$2b$10$MwsorQvVJ3SJ2RAuMReUMuaqNBRE4SZ6nnaJO3YvMY7pU9Rf861Ym','微软测试管理员',NULL,'ms_e2e_1772195113709@example.com','13800138000','active','2026-02-27 20:25:14',NULL,NULL,NULL);
INSERT IGNORE INTO `users` (`id`, `username`, `password`, `real_name`, `department_code`, `email`, `phone`, `status`, `created_at`, `updated_at`, `updated_by`, `tenant_id`) VALUES ('191','ms_admin_1772195223377','$2b$10$Cua./blD1E3Mo6Ix9HbBAeBi3o4DzLRbS/x/s2FPFL4OdX0ccL13S','微软管理员',NULL,NULL,NULL,'active','2026-02-27 20:27:04',NULL,NULL,NULL);
INSERT IGNORE INTO `users` (`id`, `username`, `password`, `real_name`, `department_code`, `email`, `phone`, `status`, `created_at`, `updated_at`, `updated_by`, `tenant_id`) VALUES ('192','ms_join_1772195223377','$2b$10$WKQA2lWFogydWQZbO8fBcOuhxfHCHMc5MRdaRPRje7PJB3zkMc51i','微软普通用户',NULL,NULL,NULL,'inactive','2026-02-27 20:27:05',NULL,NULL,NULL);
INSERT IGNORE INTO `users` (`id`, `username`, `password`, `real_name`, `department_code`, `email`, `phone`, `status`, `created_at`, `updated_at`, `updated_by`, `tenant_id`) VALUES ('193','ms_full_admin_1772195321311','$2b$10$GqVeRBI81TUqFMg4G1Kr7O.0Zj9cwGH/iIha3vpzDvWWE2aohFMGe','微软系统管理员',NULL,'ms_full_admin_1772195321311@example.com','13800138000','active','2026-02-27 20:28:42',NULL,NULL,NULL);
INSERT IGNORE INTO `users` (`id`, `username`, `password`, `real_name`, `department_code`, `email`, `phone`, `status`, `created_at`, `updated_at`, `updated_by`, `tenant_id`) VALUES ('194','ms_full_join_1772195321311','$2b$10$CcnkmqZL0V8MkdQgXJl.t.74Vme/H4u7Qfs.xp/cn7U0G/z9uwY.q','微软普通用户',NULL,NULL,NULL,'active','2026-02-27 20:28:55','2026-02-27 20:28:57',NULL,NULL);
INSERT IGNORE INTO `users` (`id`, `username`, `password`, `real_name`, `department_code`, `email`, `phone`, `status`, `created_at`, `updated_at`, `updated_by`, `tenant_id`) VALUES ('195','test007','$2b$10$I.2EmKddTQJmrUHC7/pq5ump7B4RomVO4/NLcyyVF8RYlV7ZAiGeO','lee007',NULL,NULL,NULL,'active','2026-03-07 10:12:44',NULL,NULL,NULL);
INSERT IGNORE INTO `users` (`id`, `username`, `password`, `real_name`, `department_code`, `email`, `phone`, `status`, `created_at`, `updated_at`, `updated_by`, `tenant_id`) VALUES ('196','regtest_1772849730499','$2b$10$n3lD4YXzyS.txgq34M6scOFTmxS6oO70fYMo0/pZ9eNOFW8/dDaBC','测试注册',NULL,NULL,NULL,'active','2026-03-07 10:15:31',NULL,NULL,NULL);
INSERT IGNORE INTO `users` (`id`, `username`, `password`, `real_name`, `department_code`, `email`, `phone`, `status`, `created_at`, `updated_at`, `updated_by`, `tenant_id`) VALUES ('197','pwpolicy_1772849974885','$2b$10$iBkvQS6rs9RYVijS2P1J4OMzzpLNpO/N6hTIA9Y3ExNGcIi.523ee','密码策略测试',NULL,NULL,NULL,'active','2026-03-07 10:19:35',NULL,NULL,NULL);
INSERT IGNORE INTO `users` (`id`, `username`, `password`, `real_name`, `department_code`, `email`, `phone`, `status`, `created_at`, `updated_at`, `updated_by`, `tenant_id`) VALUES ('198','auto_uploader','$2b$10$IgpHk63UyvjuOUYk4CRgxe2iCK5W2xuz2cFGNe3ssbkIbHxIXOGdi','自动上传服务账号',NULL,'auto-uploader@local.invalid',NULL,'active','2026-03-25 12:32:51','2026-03-25 12:32:51','auto_upload_bootstrap','1');
INSERT IGNORE INTO `users` (`id`, `username`, `password`, `real_name`, `department_code`, `email`, `phone`, `status`, `created_at`, `updated_at`, `updated_by`, `tenant_id`) VALUES ('199','zhangsan','$2b$10$3U0vjBzWJBeQcMyzT.OIv.HpKVaCHtjFZ7Qpjn6Isp/Ge7mx/SKwy','张三',NULL,NULL,NULL,'active','2026-03-28 17:21:53',NULL,NULL,NULL);
INSERT IGNORE INTO `users` (`id`, `username`, `password`, `real_name`, `department_code`, `email`, `phone`, `status`, `created_at`, `updated_at`, `updated_by`, `tenant_id`) VALUES ('203','leejia','$2b$12$hoo3sVlTFTmgs7.WJ3Rawul8zKx9MBqrVp9NVLyyO0ResIvrUKDaO','李佳',NULL,NULL,NULL,'active','2026-04-02 20:59:21',NULL,NULL,NULL);
INSERT IGNORE INTO `users` (`id`, `username`, `password`, `real_name`, `department_code`, `email`, `phone`, `status`, `created_at`, `updated_at`, `updated_by`, `tenant_id`) VALUES ('204','testuser001','$2b$10$2j.iw2xP/0cbbDnHmw68Qejepo2Zlk5xopXXwm4qylGHj7X0JG81W','测试用户','DEP001',NULL,NULL,'active','2026-04-03 14:06:34',NULL,NULL,NULL);
INSERT IGNORE INTO `users` (`id`, `username`, `password`, `real_name`, `department_code`, `email`, `phone`, `status`, `created_at`, `updated_at`, `updated_by`, `tenant_id`) VALUES ('205','newuser001','$2b$10$QQm0mksM0t5vIxDhS15i9ucDxEDYbdh5Ak8RPlAUd0lF34aIK3MVu','新测试用户','DEP001',NULL,NULL,'active','2026-04-03 14:21:17',NULL,NULL,NULL);
INSERT IGNORE INTO `users` (`id`, `username`, `password`, `real_name`, `department_code`, `email`, `phone`, `status`, `created_at`, `updated_at`, `updated_by`, `tenant_id`) VALUES ('206','test123','$2b$10$F9FMW613gPlA5BOSEt05NeBSwdnOWT.5vlelxATfxch8U3Kq6lJWu','sadf ','DEP001',NULL,NULL,'active','2026-04-03 14:22:41',NULL,NULL,NULL);
INSERT IGNORE INTO `users` (`id`, `username`, `password`, `real_name`, `department_code`, `email`, `phone`, `status`, `created_at`, `updated_at`, `updated_by`, `tenant_id`) VALUES ('207','user002','$2b$10$/xKy18EM8LYBrRhAUY8uE.UzsysMejh9eLbhzN65kORQzHJNxfduS','测试用户002','DEP001',NULL,NULL,'active','2026-04-03 14:25:39',NULL,NULL,NULL);
INSERT IGNORE INTO `users` (`id`, `username`, `password`, `real_name`, `department_code`, `email`, `phone`, `status`, `created_at`, `updated_at`, `updated_by`, `tenant_id`) VALUES ('208','user003','$2b$10$m90L2g.34cc0V2tLh72FbuI4hE6oI7cTgQMdC94f9H.vlid/axsGu','测试用户003','DEP001',NULL,NULL,'active','2026-04-03 14:36:51',NULL,NULL,NULL);
INSERT IGNORE INTO `users` (`id`, `username`, `password`, `real_name`, `department_code`, `email`, `phone`, `status`, `created_at`, `updated_at`, `updated_by`, `tenant_id`) VALUES ('209','zl-cs','$2b$10$1LkACPPfmC7z.i9V5D//A.gRTaa1BrCSs6PqEjG6a98Be/olFA6T2','张雷','DEP001',NULL,NULL,'active','2026-04-09 14:13:21',NULL,NULL,NULL);
INSERT IGNORE INTO `users` (`id`, `username`, `password`, `real_name`, `department_code`, `email`, `phone`, `status`, `created_at`, `updated_at`, `updated_by`, `tenant_id`) VALUES ('210','test','$2b$10$2plqXQ5k1uEbV8tkdXNLr.BdIAHzBldL6TJ.k5S2wNV2wI/P2ChuC','test','DEP001',NULL,NULL,'active','2026-04-15 10:40:52',NULL,NULL,NULL);
INSERT IGNORE INTO `users` (`id`, `username`, `password`, `real_name`, `department_code`, `email`, `phone`, `status`, `created_at`, `updated_at`, `updated_by`, `tenant_id`) VALUES ('211','test1','$2b$10$Qxy4rwIFXnTjN2Kk21uPwOjdmjPWJY3R0V4qo3cjvYdnRCFxy5/c2','test1','DEP001',NULL,NULL,'active','2026-04-15 10:42:03',NULL,NULL,NULL);
INSERT IGNORE INTO `users` (`id`, `username`, `password`, `real_name`, `department_code`, `email`, `phone`, `status`, `created_at`, `updated_at`, `updated_by`, `tenant_id`) VALUES ('215','su','$2b$10$wwcDLF1MHj6WIl6mFTf3k.dggkx5/btZTD/Nden8zUytPE/F2wSrK','超级管理员',NULL,NULL,NULL,'active','2026-05-01 15:58:25',NULL,NULL,NULL);
INSERT IGNORE INTO `users` (`id`, `username`, `password`, `real_name`, `department_code`, `email`, `phone`, `status`, `created_at`, `updated_at`, `updated_by`, `tenant_id`) VALUES ('218','18900915666','$2b$12$YvKI8XToD3WMr.qiLm8ETeCCRzwORzSg/2uYBrsP0oJXHfWFrdXv2','18900915666',NULL,NULL,'18900915666','active','2026-05-04 22:09:42',NULL,NULL,NULL);

-- Table module_configs does not exist, skipping

-- Table module_registry does not exist, skipping

